UID,Longitude,Latitude
1,-118.2545288,34.05933103
10,-118.2537964,34.05908689
1000,-118.2421997,34.04132566
1001,-118.2420166,34.04169187
1002,-118.2417114,34.04187497
1003,-118.2414062,34.04230222
1004,-118.2412231,34.04248532
1005,-118.2409179,34.04291257
1006,-118.2407959,34.04291257
1007,-118.2401245,34.04370603
1008,-118.2401245,34.04370603
1009,-118.2401245,34.04388913
101,-118.2550171,34.05792722
1010,-118.2403076,34.04370603
1011,-118.2404907,34.04352292
1012,-118.2406128,34.04327878
1013,-118.2407959,34.04327878
1015,-118.2411011,34.04272946
1016,-118.2415893,34.04230222
1017,-118.2421997,34.04169187
1018,-118.2425049,34.04108152
1019,-118.2429931,34.04187497
102,-118.2552002,34.05811033
1020,-118.2426269,34.04230222
1021,-118.2421997,34.04272946
1022,-118.2412231,34.04370603
1023,-118.24104,34.04413327
1024,-118.2404907,34.04468259
1025,-118.2404297,34.04468259
1026,-118.2403076,34.04492673
1027,-118.2401245,34.04492673
1028,-118.2399414,34.04529294
1029,-118.2401245,34.04510984
103,-118.2553222,34.05811033
1030,-118.2404907,34.04492673
1031,-118.2411011,34.04413327
1032,-118.2412231,34.04413327
1033,-118.2412231,34.04388913
1034,-118.2415283,34.04370603
1035,-118.2417114,34.04352292
1036,-118.2417114,34.04352292
1037,-118.2423218,34.04272946
1038,-118.2425049,34.04248532
1039,-118.2425049,34.04248532
104,-118.2553222,34.05811033
1040,-118.24281,34.04230222
1041,-118.24281,34.04211911
1042,-118.2431152,34.04187497
1043,-118.2432983,34.04169187
1044,-118.2432983,34.04169187
1045,-118.2437256,34.04230222
1046,-118.2432983,34.04291257
1047,-118.2429931,34.04309568
1048,-118.2423218,34.04388913
1049,-118.2421997,34.04388913
105,-118.2552002,34.05768308
1050,-118.2421387,34.04413327
1051,-118.2417114,34.04449948
1052,-118.2417114,34.04449948
1053,-118.2412231,34.04529294
1054,-118.24104,34.04529294
1055,-118.2409179,34.04547605
1056,-118.2406128,34.04590329
1057,-118.2406128,34.04590329
1058,-118.2406128,34.0460864
1059,-118.2407959,34.04572019
106,-118.2553222,34.05792722
1061,-118.2412231,34.04529294
1062,-118.2418945,34.04468259
1063,-118.2420166,34.04449948
1064,-118.2431152,34.04327878
1065,-118.2436035,34.04272946
1066,-118.2440918,34.04211911
1067,-118.2440918,34.04211911
1068,-118.2418945,34.04572019
1069,-118.2415893,34.0460864
107,-118.2555054,34.05792722
1070,-118.2412231,34.04633054
1071,-118.2412231,34.04669675
1072,-118.2415283,34.04633054
1073,-118.2415893,34.04633054
1074,-118.2418335,34.04590329
1075,-118.2420166,34.04572019
1077,-118.2417114,34.0460864
1078,-118.2420166,34.04633054
1079,-118.2423218,34.04651364
1080,-118.2482422,34.04871091
1081,-118.2484253,34.04871091
1082,-118.2484253,34.0485278
1084,-118.2487304,34.04828366
1085,-118.2490356,34.04791745
1086,-118.2490967,34.04791745
1087,-118.2494018,34.04749021
1089,-118.2495239,34.0473071
109,-118.2559326,34.05749997
1090,-118.249707,34.047124
1091,-118.2498901,34.047124
1092,-118.2498901,34.04687986
1093,-118.2503174,34.04651364
1094,-118.2505005,34.04633054
1095,-118.2506225,34.0460864
1096,-118.2508056,34.0460864
1097,-118.2509277,34.04590329
1098,-118.2511108,34.04572019
1099,-118.2512329,34.04572019
11,-118.253125,34.05872068
110,-118.2556885,34.05768308
1100,-118.2517212,34.04510984
1102,-118.2520874,34.04468259
1103,-118.2522095,34.04468259
1104,-118.2520874,34.04468259
1105,-118.2522095,34.04449948
1106,-118.2523926,34.04449948
1108,-118.2523926,34.04468259
1109,-118.2522095,34.04468259
111,-118.2561157,34.05713376
1110,-118.2520263,34.04510984
1111,-118.2517212,34.04529294
1112,-118.2515991,34.04547605
1113,-118.2515381,34.04547605
1114,-118.2512329,34.04590329
1115,-118.2511108,34.04590329
1116,-118.2511108,34.0460864
1118,-118.2506225,34.04633054
1119,-118.2506225,34.04651364
112,-118.2562988,34.05688962
1120,-118.2501953,34.04687986
1121,-118.2501343,34.04687986
1122,-118.2498901,34.0473071
1123,-118.2494018,34.04749021
1124,-118.249707,34.04749021
1125,-118.2495239,34.04773435
1126,-118.2494018,34.04773435
1127,-118.2492187,34.04791745
1128,-118.2487915,34.04828366
113,-118.2567871,34.05670652
1131,-118.2483032,34.04889402
1132,-118.2492187,34.04950437
1133,-118.2495239,34.04932126
1134,-118.2498291,34.04889402
1135,-118.2500122,34.04871091
1136,-118.2503174,34.0485278
1137,-118.2505005,34.04828366
1138,-118.2506225,34.04810056
1139,-118.2509277,34.04773435
114,-118.2569092,34.05652341
1140,-118.2511108,34.04749021
1141,-118.251416,34.0473071
1142,-118.2515991,34.04687986
1143,-118.2519043,34.04669675
1145,-118.2522095,34.04633054
1146,-118.2525146,34.0460864
1147,-118.2526977,34.04590329
1148,-118.2530029,34.04547605
1149,-118.253125,34.04529294
1150,-118.2533081,34.04510984
1151,-118.2536133,34.04510984
1152,-118.2534912,34.04529294
1153,-118.2534302,34.04529294
1154,-118.253125,34.04572019
1155,-118.2528198,34.04590329
1156,-118.2526367,34.0460864
1157,-118.2526977,34.0460864
1158,-118.2523926,34.04651364
1159,-118.2522095,34.04669675
116,-118.2575195,34.05572995
1160,-118.2522095,34.04687986
1161,-118.2520263,34.04687986
1162,-118.2517212,34.047124
1163,-118.2515991,34.0473071
1164,-118.2512939,34.04773435
1165,-118.2509888,34.04791745
1166,-118.2508056,34.04810056
1167,-118.2506225,34.04828366
1168,-118.2503174,34.04749021
1169,-118.2500122,34.04907712
1170,-118.249707,34.04932126
1172,-118.2504394,34.05011472
1173,-118.2508056,34.04968747
1174,-118.2512329,34.04932126
1175,-118.2515991,34.04889402
1177,-118.2515991,34.04871091
1178,-118.2517212,34.04871091
1179,-118.2519043,34.0485278
118,-118.2577026,34.05548581
1180,-118.2523926,34.04810056
1181,-118.2526977,34.04773435
1182,-118.2529419,34.04749021
1183,-118.2528198,34.04749021
1184,-118.253125,34.047124
1185,-118.2534912,34.04687986
1186,-118.2537964,34.04651364
1187,-118.2542236,34.0460864
1188,-118.2542236,34.04590329
119,-118.2575195,34.05530271
1190,-118.2544067,34.04572019
1191,-118.2545898,34.04590329
1193,-118.2544067,34.0460864
1194,-118.2542236,34.04633054
1195,-118.2537964,34.04669675
1196,-118.2534912,34.047124
1197,-118.2533081,34.0473071
1198,-118.253125,34.04749021
1199,-118.253125,34.04749021
12,-118.2530029,34.05872068
120,-118.2559936,34.05353269
1200,-118.2526977,34.04791745
1201,-118.2523315,34.04828366
1202,-118.2519043,34.04871091
1203,-118.2520263,34.04889402
1204,-118.2519043,34.04889402
1205,-118.2515991,34.04907712
1206,-118.2512329,34.04950437
1207,-118.2508056,34.05011472
1208,-118.2506225,34.05029783
1209,-118.2515991,34.05072507
1210,-118.2517212,34.05048093
1211,-118.2519043,34.05048093
1212,-118.2522095,34.05011472
1213,-118.2525146,34.04968747
1214,-118.2526977,34.04968747
1215,-118.2526977,34.04950437
1216,-118.2526977,34.04932126
1217,-118.2528198,34.04932126
1218,-118.2536133,34.0485278
1219,-118.2540405,34.04810056
122,-118.2559936,34.05328855
1220,-118.2539184,34.04810056
1221,-118.2541015,34.04791745
1222,-118.2541015,34.04791745
1223,-118.2544067,34.04773435
1224,-118.2547119,34.04749021
1225,-118.254895,34.047124
1226,-118.2553222,34.04669675
1228,-118.2553222,34.04651364
1229,-118.2555054,34.04651364
123,-118.2559326,34.05353269
1230,-118.2556885,34.04669675
1232,-118.2556885,34.04687985
1233,-118.2555054,34.04687986
1234,-118.2552002,34.047124
1235,-118.2550171,34.0473071
1236,-118.2545898,34.04773435
1237,-118.2542236,34.04810056
1238,-118.2544067,34.04810056
1239,-118.2542236,34.04828366
124,-118.2558105,34.05353269
1240,-118.2541015,34.04828366
1241,-118.2536133,34.04871091
1242,-118.253125,34.04932126
1243,-118.2530029,34.04950437
1245,-118.2529419,34.04968747
1246,-118.2528198,34.04968747
1247,-118.2526367,34.04968747
1248,-118.2525146,34.05011472
1249,-118.2523315,34.05011472
1250,-118.2520874,34.05048093
1251,-118.2517212,34.05072507
1252,-118.2517212,34.05090818
1253,-118.2523926,34.05133542
1254,-118.2528198,34.05133542
1255,-118.2530029,34.05090818
1256,-118.2533081,34.05072507
1257,-118.2534912,34.05048093
1258,-118.2537353,34.05029782
1259,-118.2536133,34.05029782
126,-118.2547119,34.0551196
1260,-118.2537964,34.05011472
1261,-118.2539184,34.05011472
1262,-118.2542236,34.04968747
1263,-118.2544067,34.04950437
1264,-118.2547119,34.04907712
1265,-118.2550171,34.04889402
1266,-118.2552002,34.04871091
1268,-118.2552002,34.04871091
1269,-118.2555054,34.04828366
127,-118.2545288,34.05487546
1270,-118.2558105,34.04810056
1271,-118.2561157,34.04773435
1272,-118.2562988,34.04749021
1273,-118.2564209,34.0473071
1274,-118.256604,34.047124
1276,-118.2567261,34.04749021
1277,-118.2564209,34.04749021
1278,-118.2562378,34.04791745
1279,-118.2561157,34.04791745
128,-118.2542236,34.0551196
1280,-118.2559936,34.04810056
1281,-118.2556885,34.04828366
1282,-118.2553222,34.04871091
1283,-118.2555054,34.04889402
1284,-118.2553222,34.04889402
1285,-118.2553222,34.04889402
1286,-118.254895,34.04907712
1287,-118.254834,34.04950437
1288,-118.2545288,34.04968747
1289,-118.2542236,34.04993161
129,-118.2542236,34.05530271
1290,-118.2541015,34.05011472
1291,-118.2539184,34.05029782
1292,-118.2539184,34.05048093
1293,-118.2536133,34.05048093
1294,-118.2534302,34.05090818
1295,-118.253125,34.05109128
1296,-118.2530029,34.05133542
1297,-118.2528198,34.05170163
1298,-118.2537353,34.05212888
1299,-118.2542236,34.05170163
13,-118.2528198,34.05829343
130,-118.2545898,34.05530271
1300,-118.2537964,34.05133542
1301,-118.2536133,34.05109128
1302,-118.2542236,34.05151853
1303,-118.2542236,34.05188474
1304,-118.2541015,34.05188474
1305,-118.2539184,34.05212888
1306,-118.2666138,34.04773435
1307,-118.2534912,34.05011472
1308,-118.2533081,34.04993161
1309,-118.253125,34.04993161
131,-118.2544067,34.05530271
1312,-118.2523926,34.04932126
1313,-118.2520874,34.04907712
1314,-118.2512329,34.0485278
1315,-118.2509277,34.04828366
1316,-118.2505005,34.04810056
1317,-118.2503174,34.04791745
1318,-118.2500122,34.04773435
1319,-118.2501343,34.04773435
132,-118.2542236,34.05572995
1321,-118.2505005,34.04791745
1322,-118.2509888,34.04828366
1323,-118.2512939,34.0485278
1324,-118.2522095,34.04907712
1325,-118.2525146,34.04932126
1326,-118.2526977,34.04932126
1327,-118.2534912,34.04993161
1328,-118.254895,34.0485278
1329,-118.2545898,34.04828366
133,-118.2539184,34.05591306
1331,-118.2537353,34.04791745
1332,-118.2536133,34.04773435
1333,-118.2534302,34.04773435
1334,-118.2528198,34.0473071
1335,-118.2525146,34.047124
1338,-118.2517212,34.04669675
1339,-118.2515991,34.04651364
134,-118.2537353,34.05609617
1340,-118.2512329,34.04633054
1341,-118.2512939,34.0460864
1342,-118.2517212,34.04651364
1343,-118.2519043,34.04651364
1346,-118.2533081,34.04749021
1347,-118.2534912,34.04773435
1348,-118.2537964,34.04773435
1349,-118.2547119,34.04828366
135,-118.2529419,34.05652341
1351,-118.2561157,34.047124
1352,-118.2559326,34.04687985
1353,-118.2553222,34.04669675
1354,-118.2550171,34.04651364
1355,-118.254834,34.04633054
1356,-118.2539184,34.04572019
1357,-118.2537353,34.04547605
1358,-118.2529419,34.04510984
1359,-118.2526977,34.04492673
136,-118.253125,34.05670652
1360,-118.2526977,34.04468259
1361,-118.2562988,34.05328855
1362,-118.2564209,34.05328855
1363,-118.256604,34.05292234
1364,-118.2567871,34.0526782
1365,-118.2570312,34.05249509
1366,-118.2573364,34.05231199
1368,-118.2575195,34.05188474
1369,-118.2578247,34.05170163
1370,-118.2580078,34.05151853
1371,-118.2581909,34.05133542
1372,-118.258435,34.05109128
1373,-118.2584961,34.05109128
1374,-118.2587402,34.05090818
1375,-118.2589233,34.05048093
1376,-118.2591064,34.05011472
1377,-118.2592895,34.05029782
1378,-118.2598999,34.04950437
1379,-118.2602051,34.04950437
138,-118.2530029,34.05670652
1380,-118.2602051,34.04932126
1381,-118.2588013,34.04889402
1382,-118.2588013,34.04889402
1383,-118.2584961,34.04907712
1384,-118.258313,34.04932126
1386,-118.2581299,34.04950437
1387,-118.2581909,34.04950437
1388,-118.2578247,34.04993161
1389,-118.2576416,34.05011472
1390,-118.2577026,34.05029782
1391,-118.2575195,34.05029782
1392,-118.2575195,34.05048093
1393,-118.2570923,34.05048093
1394,-118.2569092,34.05072507
1395,-118.2567261,34.05109128
1396,-118.2564209,34.05133542
1397,-118.2562988,34.05151853
1398,-118.2562378,34.05188474
1399,-118.2561157,34.05188474
14,-118.2487305,34.06012449
140,-118.2529419,34.05670652
1400,-118.2558105,34.05188474
1401,-118.2555054,34.05231198
1402,-118.2558105,34.05011472
1403,-118.2556885,34.05011472
1404,-118.2558105,34.04993161
1405,-118.2559936,34.04968747
1406,-118.2561157,34.04968747
1407,-118.2562988,34.04950437
1408,-118.2562378,34.04950437
1409,-118.2562988,34.04950437
141,-118.253125,34.05652341
1410,-118.2562988,34.04932126
1411,-118.2567261,34.04889401
1412,-118.2569092,34.04871091
1414,-118.2570312,34.0485278
1415,-118.2570923,34.0485278
1416,-118.2572143,34.04828366
1417,-118.2575195,34.04810056
1419,-118.2570923,34.04749021
1420,-118.2573364,34.04773435
1421,-118.2603882,34.04950437
1422,-118.2606323,34.04950437
1423,-118.2614868,34.04993161
1424,-118.2614258,34.04993161
1425,-118.2606323,34.05090817
1426,-118.260022,34.05072507
1427,-118.2597168,34.05048093
1428,-118.2595947,34.05048093
1429,-118.2595337,34.05048093
143,-118.2528198,34.05328855
1430,-118.2591064,34.05029782
1431,-118.2589233,34.05029782
1432,-118.2589233,34.05011472
1433,-118.2588013,34.06671628
1434,-118.2584961,34.04968747
1435,-118.2581909,34.04968747
1436,-118.2581299,34.04968747
1437,-118.2580078,34.04950437
1438,-118.2578247,34.04932126
1439,-118.2578247,34.04932126
144,-118.249707,34.0526782
1440,-118.2573974,34.04907712
1441,-118.2570923,34.04889402
1442,-118.2570312,34.04889402
1445,-118.256604,34.0485278
1446,-118.2562988,34.04828366
145,-118.2498901,34.05212888
1450,-118.2553222,34.04871091
1451,-118.2552002,34.04889402
1452,-118.2556885,34.04889402
1453,-118.2561157,34.04932126
1456,-118.2564209,34.04950437
1458,-118.2562988,34.04968747
1459,-118.2567871,34.04968747
146,-118.2501343,34.05188474
1460,-118.2570312,34.04993161
1461,-118.2578247,34.03387937
1462,-118.2569092,34.05188474
1463,-118.2562988,34.05170163
1464,-118.2561157,34.05151853
1465,-118.2556885,34.05133542
1466,-118.2555054,34.05109128
1467,-118.2550171,34.05072507
1468,-118.2547119,34.05072507
1469,-118.2544067,34.05048093
147,-118.2505005,34.05188474
1470,-118.2470215,34.04169187
1471,-118.2467163,34.04230222
1472,-118.2465942,34.04248532
1473,-118.246228,34.04291257
1475,-118.2456177,34.04370603
1476,-118.2453125,34.04413327
1477,-118.2451904,34.04431638
1478,-118.2482422,34.04248532
1479,-118.2475097,34.04309568
148,-118.2505005,34.05048093
1480,-118.2472046,34.04352292
1481,-118.2470215,34.04370603
1483,-118.2468384,34.04388913
1484,-118.2464111,34.04431638
1485,-118.246289,34.04449948
1486,-118.2459228,34.04492673
1488,-118.2458008,34.04510984
1489,-118.2454956,34.04529294
149,-118.2504394,34.05048093
1490,-118.2451904,34.04572019
1491,-118.2468994,34.04529294
1492,-118.2472046,34.04492673
1493,-118.2475097,34.04449948
1494,-118.2478149,34.04431638
1495,-118.247998,34.04413327
1496,-118.247998,34.04388913
1498,-118.2483032,34.04352292
1499,-118.2484253,34.04327878
15,-118.2487304,34.05988035
150,-118.2503174,34.05048093
1500,-118.2492187,34.04248532
1501,-118.2494018,34.04248532
1503,-118.2501953,34.04327878
1504,-118.2501953,34.04327878
1505,-118.2498901,34.04370603
1506,-118.249707,34.04388913
1507,-118.2494018,34.04431638
1508,-118.2490356,34.04449948
1509,-118.2490356,34.04449948
151,-118.2504394,34.05011472
1510,-118.2489136,34.04468259
1512,-118.2493408,34.04492673
1513,-118.2495239,34.04510984
1514,-118.2483032,34.04529294
1515,-118.247998,34.04572019
1516,-118.2476929,34.0460864
1517,-118.2476929,34.0460864
1518,-118.2476318,34.0460864
1519,-118.2470215,34.04669675
152,-118.2503174,34.05029783
1521,-118.2472046,34.04687986
1522,-118.2472046,34.04791745
1523,-118.2473877,34.04773435
1524,-118.2476318,34.04773435
1525,-118.2476929,34.04749021
1526,-118.2476929,34.04749021
1527,-118.2478149,34.0473071
1528,-118.247998,34.047124
1529,-118.2483032,34.04687986
153,-118.2501953,34.05029782
1530,-118.2483032,34.04669675
1531,-118.2484253,34.04669675
1532,-118.2487915,34.04633054
1533,-118.2490356,34.0460864
1534,-118.2495239,34.04547605
1535,-118.2498291,34.04529294
1536,-118.2498901,34.04529294
1538,-118.2501343,34.04492673
1539,-118.2504394,34.04468259
154,-118.2505005,34.05029782
1540,-118.2505005,34.04468259
1541,-118.2509277,34.04431638
1542,-118.2512329,34.04388913
1544,-118.2512939,34.04388913
1545,-118.2494018,34.04492673
1546,-118.2487304,34.04449948
1547,-118.2483032,34.04413327
1548,-118.2475097,34.04370603
1549,-118.2468994,34.04327878
155,-118.2490967,34.05151853
1550,-118.2465942,34.04309568
1551,-118.2296875,34.02570066
1552,-118.228894,34.02551755
1553,-118.2284057,34.02551755
1554,-118.2279175,34.02551755
1555,-118.2274292,34.02551755
1556,-118.2270019,34.02551755
1557,-118.2265136,34.02551755
1558,-118.2268188,34.02588376
1559,-118.2273071,34.02588376
156,-118.2492187,34.05170163
1560,-118.2276123,34.02588376
1561,-118.2280395,34.02570066
1562,-118.2284057,34.02588376
1563,-118.2285888,34.02588376
1564,-118.228894,34.02570066
1565,-118.2293213,34.02570066
1566,-118.2298095,34.02570066
1567,-118.2298095,34.02570066
1568,-118.2298095,34.02551755
1569,-118.2298095,34.02551755
157,-118.2489136,34.05188474
1570,-118.2298095,34.02533444
1571,-118.2299927,34.0250903
1572,-118.2298095,34.02472409
1573,-118.2299927,34.02447995
1574,-118.2301147,34.02411374
1575,-118.2299927,34.0236865
1576,-118.2298095,34.0236865
1577,-118.2293213,34.0236865
1578,-118.2290161,34.0236865
1579,-118.2285888,34.0236865
158,-118.2541015,34.05249509
1580,-118.2299927,34.02350339
1581,-118.2299927,34.02307614
1582,-118.2299927,34.02289304
1584,-118.2299316,34.02289304
1585,-118.2295044,34.02270993
1586,-118.2290161,34.02270993
159,-118.2539184,34.05212888
1590,-118.2298095,34.02289304
1591,-118.2301147,34.02252683
1592,-118.2301147,34.02228269
1593,-118.2301147,34.02191647
1594,-118.2299927,34.02173337
1595,-118.2301147,34.02148923
1596,-118.2301147,34.02130612
1597,-118.2301147,34.02130612
1598,-118.2299927,34.02130612
1599,-118.2299927,34.02130612
16,-118.2486084,34.05988035
160,-118.247998,34.05310544
1600,-118.2296264,34.02112302
1601,-118.2291992,34.02087888
1602,-118.2291992,34.02087888
1603,-118.2287109,34.02087888
1604,-118.2282226,34.02087888
1605,-118.2276123,34.02087888
1606,-118.2270019,34.02112302
1607,-118.228894,34.02069577
1608,-118.2296875,34.02087888
1609,-118.2295044,34.02087888
161,-118.247937,34.05328855
1610,-118.2287109,34.02032956
1611,-118.2285278,34.01990231
1612,-118.2291992,34.02069577
1613,-118.228894,34.02032956
1614,-118.228894,34.02008542
1615,-118.2298095,34.01971921
1616,-118.2299316,34.02051267
1617,-118.2285278,34.01947507
1618,-118.2287109,34.01929196
1619,-118.2285888,34.01929196
162,-118.2476318,34.05328855
1620,-118.2285888,34.01892575
1621,-118.2282226,34.01868161
1622,-118.2280395,34.01849851
1623,-118.2274292,34.01788815
1624,-118.2244385,34.01752194
1625,-118.2243164,34.01752194
1626,-118.2246216,34.0172778
1627,-118.2249878,34.0172778
1628,-118.2252319,34.01752194
1629,-118.2255371,34.01752194
163,-118.2476929,34.05353269
1630,-118.225415,34.0172778
1631,-118.2259033,34.01752194
1633,-118.2260254,34.01770505
1634,-118.2265136,34.01752194
1635,-118.2262085,34.01752194
1637,-118.2266357,34.0172778
1638,-118.2268188,34.01752194
1639,-118.227124,34.0172778
164,-118.2482422,34.05371579
1640,-118.2268188,34.01770505
1641,-118.2270019,34.01788815
1642,-118.227124,34.01788815
1643,-118.227124,34.01770505
1644,-118.2274292,34.01770505
1645,-118.2274902,34.01813229
1646,-118.2277954,34.01813229
1647,-118.2284057,34.01849851
1648,-118.2285888,34.01868161
1649,-118.2287109,34.01868161
165,-118.2484253,34.054082
1650,-118.228894,34.01868161
1651,-118.2290161,34.01892575
1652,-118.2293213,34.01892575
1653,-118.2293213,34.01892575
1654,-118.2295044,34.01892575
1655,-118.2296875,34.01892575
1656,-118.2298095,34.01892575
1657,-118.2296875,34.01910886
1658,-118.2290161,34.01910886
166,-118.2486084,34.0538989
1660,-118.228894,34.01910886
1662,-118.2274292,34.01752194
1663,-118.2273071,34.0172778
1664,-118.2276123,34.0172778
1665,-118.2274902,34.0172778
1666,-118.2276123,34.0172778
1667,-118.2279175,34.0172778
1668,-118.2279175,34.01752194
167,-118.2487915,34.054082
1670,-118.2281006,34.0172778
1671,-118.2279175,34.0172778
1673,-118.2281006,34.0172778
1675,-118.2285278,34.0172778
1676,-118.2285888,34.0172778
1677,-118.228894,34.0172778
1678,-118.2291992,34.0172778
1679,-118.2290161,34.0172778
1680,-118.2298095,34.0172778
1681,-118.2293213,34.0172778
1682,-118.2293213,34.0172778
1684,-118.228833,34.0172778
1685,-118.2285278,34.0172778
1686,-118.2282226,34.0172778
1687,-118.2281006,34.0170947
1688,-118.2281006,34.01691159
1689,-118.2280395,34.01691159
169,-118.2489136,34.054082
1690,-118.2277954,34.01648435
1691,-118.2279175,34.01630124
1692,-118.2279175,34.01630124
1693,-118.2273071,34.01630124
1696,-118.2257202,34.01648435
1697,-118.2259033,34.01630124
1698,-118.2263305,34.01630124
1699,-118.2266968,34.01630124
17,-118.2483032,34.05969724
1700,-118.227124,34.01630124
1701,-118.2276123,34.01630124
1702,-118.2279175,34.01648435
1703,-118.2280395,34.01648435
1704,-118.2282226,34.01630124
1705,-118.2284057,34.01630124
1706,-118.228894,34.01648435
1707,-118.2291992,34.01630124
1708,-118.2298095,34.01630124
1709,-118.2299316,34.01630124
1710,-118.2299927,34.01611813
1711,-118.2299926,34.01569089
1712,-118.2299927,34.01550778
1713,-118.2281006,34.01648435
1714,-118.2301147,34.01532468
1716,-118.2299316,34.01532468
1717,-118.2298095,34.01532468
1718,-118.2296264,34.01532468
1719,-118.2295044,34.01532468
172,-118.2487304,34.05371579
1720,-118.2293213,34.01532468
1721,-118.2290161,34.01532468
1722,-118.228894,34.01532468
1723,-118.2287109,34.01532468
1724,-118.2285888,34.01532468
1726,-118.2284057,34.01532468
1727,-118.2281006,34.01532468
1728,-118.2281006,34.01550778
1729,-118.2281006,34.01569089
173,-118.2492187,34.05328855
1730,-118.2280395,34.01593503
1731,-118.2281006,34.01611813
1732,-118.2280395,34.01630124
1733,-118.2281006,34.01550778
1734,-118.2279175,34.01532468
1735,-118.2276123,34.01532468
1736,-118.2268188,34.01550778
1738,-118.2265136,34.01532468
1739,-118.2263305,34.01532468
174,-118.2494018,34.05328855
1740,-118.2257202,34.01550778
1741,-118.225415,34.01550778
1742,-118.2251098,34.01550778
1743,-118.2248047,34.01550778
1744,-118.2249878,34.01532468
1745,-118.2255981,34.01532468
1746,-118.2257202,34.01508054
1747,-118.2255981,34.01453122
1748,-118.2260254,34.01532468
1749,-118.2263916,34.01532468
175,-118.2495239,34.05310544
1750,-118.2266968,34.01532468
1751,-118.2273071,34.01532468
1752,-118.2277954,34.01532468
1753,-118.2279175,34.01532468
1754,-118.2280395,34.01508054
1755,-118.2281006,34.01489743
1756,-118.2281006,34.01471433
1757,-118.2279175,34.01471433
1758,-118.2291992,34.01471433
1759,-118.2296875,34.01489743
176,-118.2490967,34.05310544
1760,-118.2302368,34.01489743
1761,-118.2302978,34.01471433
1762,-118.2302978,34.01471433
1763,-118.2304199,34.01471433
1764,-118.230542,34.01489743
1765,-118.2302978,34.01489743
1766,-118.2302368,34.01508054
1767,-118.2302978,34.01508054
1768,-118.2302978,34.01532468
1769,-118.2304199,34.01532468
177,-118.2495239,34.05328855
1770,-118.2304199,34.01550778
1771,-118.2302978,34.01569089
1772,-118.2302368,34.01611813
1773,-118.2301147,34.01648435
1774,-118.2301147,34.01672849
1775,-118.2301147,34.01691159
1776,-118.2301147,34.0172778
1777,-118.2301147,34.01752194
1778,-118.2301147,34.01788815
1779,-118.2301147,34.0183154
178,-118.2490967,34.0526782
1780,-118.2301147,34.01868161
1781,-118.2301147,34.01910886
1782,-118.2301147,34.01929196
1783,-118.2302368,34.02008542
1784,-118.2302368,34.02051267
1785,-118.2301147,34.02112302
1786,-118.2302368,34.02087888
1787,-118.2301147,34.02069577
1788,-118.2301147,34.02069577
1789,-118.2302368,34.02051267
1790,-118.2302368,34.02032956
1791,-118.2302978,34.02008542
1792,-118.2302368,34.01971921
1793,-118.2304199,34.01971921
1794,-118.2304199,34.01947507
1795,-118.2304199,34.01929196
1797,-118.230542,34.01910886
1798,-118.2302978,34.01910886
1799,-118.2304199,34.01868161
18,-118.2481201,34.05988035
180,-118.2537964,34.05231199
1800,-118.2302978,34.01849851
1801,-118.2302978,34.01868161
1802,-118.2302978,34.01892575
1803,-118.2304199,34.01813229
1804,-118.2302978,34.01788815
1805,-118.2302978,34.01770505
1806,-118.2302978,34.01752194
1807,-118.230542,34.0172778
1808,-118.2304199,34.0172778
1809,-118.2304199,34.0170947
181,-118.2540405,34.0526782
1810,-118.2304199,34.01691159
1811,-118.2302978,34.01691159
1812,-118.230542,34.01691159
1813,-118.230542,34.01648435
1814,-118.230542,34.01648435
1815,-118.2304199,34.01630124
1816,-118.2304199,34.01593503
1817,-118.2304199,34.01550778
1818,-118.2301147,34.01532468
1819,-118.2302368,34.01550778
182,-118.2545898,34.05249509
1820,-118.2301147,34.01569089
1821,-118.2301147,34.01611813
1822,-118.2299927,34.01648435
1823,-118.2299927,34.01672849
1824,-118.2299316,34.0170947
1825,-118.2299316,34.0172778
1826,-118.2299927,34.01752194
1827,-118.2299927,34.01788815
1828,-118.2299927,34.01813229
1829,-118.2299927,34.01849851
1830,-118.2299316,34.01868161
1831,-118.2299316,34.01910886
1832,-118.2299316,34.01929196
1833,-118.2299927,34.01947507
1834,-118.2299927,34.01990231
1835,-118.2299927,34.02008542
1836,-118.2299927,34.02051267
1837,-118.2299927,34.02069577
1838,-118.2299316,34.02087888
1839,-118.2301147,34.02087888
184,-118.2551391,34.05249509
1841,-118.2299927,34.02112302
1842,-118.2299927,34.02570066
1843,-118.2299927,34.02570066
1846,-118.2301147,34.02570066
1847,-118.2301147,34.02588376
1848,-118.2299927,34.02533444
1849,-118.2301147,34.0250903
185,-118.2573974,34.05548581
1850,-118.2299927,34.0249072
1851,-118.2299927,34.02447995
1854,-118.2301147,34.0250903
1855,-118.2299316,34.02368649
1856,-118.2299316,34.02350339
1857,-118.2299316,34.02350339
1859,-118.2301147,34.02307614
186,-118.2467163,34.05432615
1860,-118.2301147,34.02289304
1863,-118.2302368,34.02191648
1864,-118.2302368,34.02173337
1865,-118.2302978,34.02148923
1866,-118.2302978,34.02130612
1867,-118.2304199,34.02130612
1868,-118.2304199,34.02130612
1869,-118.2318237,34.01508054
1870,-118.2315185,34.01508054
1871,-118.2310913,34.01508054
1872,-118.2304199,34.01453122
1873,-118.230603,34.01489743
1874,-118.2309082,34.01489743
1875,-118.2313965,34.01489743
1876,-118.2318237,34.01489743
1877,-118.2320068,34.01489743
1878,-118.2320068,34.01508054
1879,-118.2324951,34.01489743
188,-118.2465332,34.054082
1880,-118.2324951,34.01471433
1881,-118.2328003,34.01489743
1882,-118.2329223,34.01489743
1883,-118.2334106,34.01489743
1884,-118.2338989,34.01489743
1885,-118.2345093,34.01489743
1886,-118.2349975,34.01489743
1887,-118.2354248,34.01489743
1889,-118.2359131,34.01489743
1890,-118.2365234,34.01489743
1891,-118.2370117,34.01489743
1892,-118.237622,34.01489743
1893,-118.2382324,34.01489743
1894,-118.2385986,34.01489743
1895,-118.2390869,34.01489743
1896,-118.239331,34.01489743
1897,-118.2395141,34.01489743
1898,-118.2395141,34.01489743
1899,-118.2395141,34.01508054
19,-118.246228,34.06250486
190,-118.2464111,34.05450925
1900,-118.2395141,34.01508054
1901,-118.2395141,34.01550778
1902,-118.2395141,34.01569089
1903,-118.2395141,34.01569089
1904,-118.2396362,34.01569089
1905,-118.2395141,34.01593503
1906,-118.2395141,34.01630124
1907,-118.2395141,34.01630124
1908,-118.2393921,34.01648434
1909,-118.2390259,34.01648434
191,-118.246228,34.05469236
1910,-118.2389038,34.01648434
1911,-118.2385986,34.01648434
1912,-118.2382934,34.01648435
1913,-118.2379883,34.01630124
1914,-118.2379883,34.01648434
1915,-118.237622,34.01648435
1916,-118.2373169,34.01648434
1917,-118.2371948,34.01648434
1918,-118.2368896,34.01672849
1919,-118.2370117,34.01672849
192,-118.2459228,34.0551196
1920,-118.2365234,34.01691159
1921,-118.2365234,34.0170947
1922,-118.2365234,34.0172778
1923,-118.2367065,34.0172778
1924,-118.2367065,34.01770505
1925,-118.2368896,34.01813229
1926,-118.237622,34.01788815
1927,-118.2375,34.01813229
1928,-118.2382324,34.01788815
1929,-118.2384155,34.01788815
193,-118.2458008,34.0551196
1930,-118.2387207,34.01788815
1931,-118.2393921,34.01813229
1932,-118.2396362,34.01788815
1933,-118.2396362,34.01770505
1934,-118.2396972,34.01752194
1935,-118.2396972,34.0172778
1936,-118.2396972,34.0170947
1937,-118.2396972,34.01691159
1938,-118.2396972,34.01672849
1939,-118.2396972,34.01648434
194,-118.2454956,34.05530271
1940,-118.2395141,34.01453122
1941,-118.2393921,34.01471433
1942,-118.2367065,34.01471433
1943,-118.2385376,34.01471433
1944,-118.2378052,34.01471433
1945,-118.2371948,34.01471433
1946,-118.2370117,34.01471433
1947,-118.2365234,34.01471433
1948,-118.2359131,34.01471433
1949,-118.2354248,34.01471433
195,-118.2453125,34.05548581
1950,-118.2351196,34.01471433
1951,-118.2349975,34.01471433
1952,-118.2348144,34.01471433
1953,-118.2343872,34.01471433
1954,-118.2338989,34.01471433
1955,-118.2332885,34.01471433
1956,-118.2395141,34.01813229
1957,-118.2396362,34.0183154
1959,-118.2395141,34.01868161
196,-118.2450073,34.05572995
1960,-118.2395141,34.01868161
1961,-118.2395141,34.01910886
1962,-118.2395141,34.01910886
1963,-118.2393921,34.01929196
1964,-118.2393921,34.01947507
1965,-118.2393921,34.01947507
1966,-118.2393921,34.01971921
1968,-118.2393921,34.01990231
197,-118.2448242,34.05609617
1970,-118.239209,34.01990231
1971,-118.2390259,34.01971921
1972,-118.2387207,34.01971921
1973,-118.2384155,34.01971921
1974,-118.2379883,34.01947507
1975,-118.2379272,34.01947507
1976,-118.2373169,34.01929196
1977,-118.2370117,34.01929196
1978,-118.2368286,34.01929196
1979,-118.2367065,34.01929196
198,-118.2442138,34.05688962
1980,-118.2360962,34.01910886
1981,-118.2360351,34.01910886
1982,-118.2354248,34.01910886
1983,-118.2354248,34.01892575
1984,-118.2348144,34.01892575
1985,-118.2348144,34.01892575
1986,-118.2343872,34.01892575
1987,-118.2342041,34.01892575
1988,-118.2338379,34.01892575
1989,-118.2335327,34.01892575
199,-118.2437256,34.05713376
1990,-118.2332885,34.01892575
1991,-118.2328003,34.01892575
1992,-118.2328003,34.01892575
1993,-118.232312,34.01892575
1994,-118.2321899,34.01892575
1995,-118.2317016,34.01892575
1996,-118.2310913,34.01892575
1997,-118.2310913,34.01892575
1998,-118.2307251,34.01892575
1999,-118.230603,34.01892575
2,-118.2542236,34.05933103
20,-118.246289,34.06250486
200,-118.2434204,34.05713376
2001,-118.2307251,34.01910886
2002,-118.2313965,34.01910886
2003,-118.2320068,34.01910886
2004,-118.2326172,34.01910886
2005,-118.2328003,34.01910886
2006,-118.2332275,34.01910886
2007,-118.2338989,34.01910886
2008,-118.2346313,34.01910886
2009,-118.2352417,34.01910886
201,-118.2431152,34.05731687
2010,-118.235791,34.01929196
2011,-118.2360962,34.01929196
2012,-118.2364013,34.01929196
2013,-118.2370117,34.01947507
2014,-118.2385986,34.01990231
2015,-118.2387207,34.01990231
2016,-118.2393921,34.02008542
2018,-118.2393921,34.02008542
2019,-118.2393921,34.02051267
202,-118.24281,34.05749997
2020,-118.2393921,34.02069577
2021,-118.2393921,34.02069577
2022,-118.239331,34.02087888
2023,-118.2393921,34.02087888
2024,-118.239331,34.02130612
2025,-118.239331,34.02130612
2026,-118.239331,34.02148923
2027,-118.239331,34.02173337
2028,-118.239331,34.02191647
2029,-118.239331,34.02209958
203,-118.2425049,34.05768308
2030,-118.239331,34.02209958
2031,-118.239209,34.02209958
2032,-118.2387207,34.02209958
2033,-118.2384155,34.02191647
2034,-118.2379883,34.02173337
2035,-118.2375,34.02148923
2036,-118.2371948,34.02148923
2037,-118.2368286,34.02148923
2038,-118.2364013,34.02112302
2039,-118.2362182,34.02130612
204,-118.2421997,34.05768308
2041,-118.2373169,34.02173337
2042,-118.2379272,34.02173337
2043,-118.2385986,34.02191647
2044,-118.239331,34.02228269
2045,-118.239331,34.02228269
2046,-118.239331,34.02252683
2047,-118.239331,34.02289304
2048,-118.239209,34.02289304
2049,-118.239209,34.02332028
205,-118.2418945,34.05811033
2051,-118.239209,34.02350339
2052,-118.2393921,34.02350339
2053,-118.2393921,34.02350339
2054,-118.2393921,34.02307614
2055,-118.2393921,34.02307614
2057,-118.2393921,34.02289304
2058,-118.2395141,34.02270993
2059,-118.2395141,34.02228269
206,-118.2417114,34.05829343
2060,-118.2395141,34.02209958
2061,-118.2395141,34.02173337
2062,-118.2395141,34.02173337
2063,-118.2395141,34.02148923
2064,-118.2395141,34.02148923
2065,-118.2395141,34.02130612
2066,-118.2396362,34.02130612
2067,-118.2396362,34.02087888
2068,-118.2396972,34.02087888
2069,-118.2396972,34.02069577
207,-118.2415283,34.05847654
2070,-118.2396972,34.02051267
2071,-118.2396972,34.02032956
2072,-118.2396972,34.02032956
2073,-118.2396972,34.02008542
2074,-118.2396972,34.01990231
2076,-118.2396972,34.02008542
2077,-118.2396362,34.01990231
2078,-118.2396972,34.01947507
2079,-118.2396972,34.01947507
208,-118.2412231,34.05872068
2080,-118.2396972,34.01910886
2081,-118.2396972,34.01910886
2082,-118.2396972,34.01868161
2083,-118.2396972,34.01868161
2084,-118.2398193,34.0183154
2085,-118.2398193,34.0183154
2086,-118.2309082,34.02173337
2087,-118.2307251,34.02173337
2088,-118.2307251,34.02209958
2089,-118.2307251,34.02228269
209,-118.2411011,34.05908689
2090,-118.2302978,34.02307614
2091,-118.2307251,34.02307614
2092,-118.2310913,34.02332028
2093,-118.2315185,34.02350339
2094,-118.2318237,34.02368649
2095,-118.2321899,34.02368649
2096,-118.232312,34.0250903
2097,-118.232312,34.0249072
2098,-118.232312,34.02447995
2099,-118.232312,34.02393064
21,-118.2465332,34.06268796
210,-118.2409179,34.05908689
2100,-118.2324951,34.0236865
2101,-118.2329223,34.02393063
2102,-118.2331054,34.02393064
2103,-118.2329223,34.02350339
2104,-118.2331054,34.02368649
2105,-118.2332275,34.02368649
2106,-118.2338379,34.02368649
2107,-118.2351196,34.0236865
2108,-118.2351196,34.02393063
2109,-118.2349975,34.02429685
211,-118.2409179,34.05951413
2110,-118.2378052,34.02447995
2111,-118.2349975,34.02472409
2112,-118.2348144,34.0249072
2113,-118.2348144,34.0250903
2114,-118.2348144,34.02570066
2117,-118.2349365,34.02588376
2118,-118.2346924,34.02588376
2119,-118.2346924,34.02570066
212,-118.2404297,34.06073484
2120,-118.2343872,34.02551755
2121,-118.234021,34.02551755
2122,-118.2335327,34.02570066
2123,-118.2335327,34.02533444
2124,-118.2335327,34.0249072
2125,-118.2334106,34.02447995
2126,-118.2338989,34.02447995
2127,-118.234021,34.02447995
2128,-118.2343872,34.02472409
2129,-118.2345093,34.02472409
213,-118.2403076,34.06073484
2130,-118.2375,34.02472409
2131,-118.2349975,34.0249072
2132,-118.2349365,34.02533444
2133,-118.2349365,34.02551755
2134,-118.2349975,34.02472409
2135,-118.2349975,34.02447995
2136,-118.2349975,34.02393064
2137,-118.2346924,34.02393064
2138,-118.2345093,34.02393063
2139,-118.2342041,34.0236865
214,-118.2403076,34.06091794
2140,-118.234021,34.02368649
2141,-118.2337158,34.0236865
2142,-118.2335327,34.02350339
2143,-118.2329223,34.02332028
2145,-118.2329223,34.02307614
2146,-118.2329223,34.02270993
2147,-118.2331054,34.02209958
2148,-118.2335327,34.02209958
2149,-118.2338379,34.02228269
215,-118.2401245,34.06128415
2150,-118.234021,34.02228269
2151,-118.2342041,34.02228269
2152,-118.2345093,34.02228269
2153,-118.2349365,34.02252683
2155,-118.2353027,34.02270993
2156,-118.2364013,34.02289304
2157,-118.2312134,34.02148923
2158,-118.2313965,34.02173337
2159,-118.2318237,34.02173337
216,-118.2401245,34.0615283
2162,-118.2321899,34.02191648
2163,-118.2324341,34.02252683
2164,-118.2327392,34.02191648
2165,-118.2368896,34.02289304
2166,-118.2374389,34.02307614
2167,-118.2379272,34.02332028
2169,-118.2384155,34.02350339
217,-118.2412231,34.05933103
2170,-118.2387207,34.02350339
2171,-118.239209,34.0236865
2172,-118.239209,34.02350339
2173,-118.2390259,34.02350339
2174,-118.2385986,34.02332028
2175,-118.2382324,34.02332028
2176,-118.2379883,34.02332028
2177,-118.2375,34.02307614
2179,-118.2364013,34.02289304
2180,-118.2363403,34.02289304
2181,-118.2362182,34.02289304
2182,-118.2359131,34.02270993
2183,-118.2356079,34.02270993
2184,-118.2353027,34.02252683
2185,-118.2348144,34.02252683
2186,-118.2343872,34.02228269
2187,-118.2338989,34.02209958
2188,-118.2334106,34.02191648
219,-118.2407959,34.05890378
2190,-118.2328003,34.02191647
2191,-118.2328003,34.02173337
2192,-118.2326172,34.02191647
2193,-118.232312,34.02191648
2195,-118.2313965,34.02148923
2196,-118.2313965,34.02112302
2197,-118.2313965,34.02087888
2198,-118.2313965,34.02032956
2199,-118.2317016,34.02008542
22,-118.2464111,34.06268796
220,-118.2403076,34.05890378
2200,-118.2321899,34.02008542
2201,-118.2326172,34.02032956
2202,-118.2331054,34.02051267
2203,-118.2332275,34.02051267
2205,-118.2329223,34.02051267
2207,-118.232312,34.02032956
2208,-118.2318237,34.02008542
2209,-118.2315185,34.01990231
221,-118.2401245,34.05890378
2211,-118.2310913,34.01971921
2212,-118.2309082,34.01971921
2213,-118.2307251,34.01971921
2216,-118.2313965,34.01990231
2217,-118.2309082,34.02008542
2218,-118.2309082,34.02051267
2219,-118.2309082,34.02087888
222,-118.2400024,34.05872068
2220,-118.2307251,34.02112302
2223,-118.2307251,34.02148923
2224,-118.2356079,34.02472409
2225,-118.2354248,34.02447995
2226,-118.2359131,34.02472409
2227,-118.2359131,34.02447995
2228,-118.2359131,34.02393063
2229,-118.2365234,34.02472409
2230,-118.2367065,34.0249072
2231,-118.2368896,34.0249072
2232,-118.2370117,34.02472409
2233,-118.2370117,34.02447995
2234,-118.2370117,34.02429685
2235,-118.2370117,34.0250903
2236,-118.2370117,34.02649411
2238,-118.2368896,34.02692136
2239,-118.2368286,34.02692136
224,-118.2396362,34.05847654
2240,-118.2365234,34.02667722
2241,-118.2360962,34.02667722
2242,-118.2359131,34.02649411
2243,-118.2385986,34.02667722
2244,-118.235791,34.02570066
2245,-118.2359131,34.02551755
2246,-118.2359131,34.0250903
2247,-118.2335327,34.0261279
2248,-118.2332275,34.0261279
2249,-118.2328003,34.0261279
225,-118.2393921,34.05847654
2250,-118.2324951,34.02588376
2251,-118.2320068,34.02588376
2252,-118.2317016,34.02588376
2253,-118.2313965,34.02588376
2254,-118.2309082,34.02588376
2255,-118.230603,34.02570066
2256,-118.2373169,34.0250903
2257,-118.237622,34.0250903
2258,-118.2381103,34.0249072
2259,-118.2381103,34.02447995
226,-118.239331,34.05829343
2260,-118.2390869,34.02551755
2262,-118.2390869,34.0250903
2264,-118.239209,34.02429685
2265,-118.239331,34.02411374
2266,-118.239331,34.02368649
2267,-118.2393921,34.02368649
2268,-118.2393921,34.02368649
2269,-118.239331,34.02393063
227,-118.2382934,34.05829343
2271,-118.2393921,34.0250903
2272,-118.239331,34.0250903
2273,-118.239209,34.02551755
2274,-118.239331,34.02551755
2275,-118.239331,34.02570065
2276,-118.239209,34.02570065
2277,-118.239209,34.0261279
2278,-118.239209,34.02649411
2279,-118.239209,34.02710446
228,-118.2385376,34.05847654
2280,-118.239209,34.02753171
2281,-118.239209,34.02753171
2282,-118.239209,34.02771481
2283,-118.2389038,34.02753171
2284,-118.2390259,34.02753171
2285,-118.2385986,34.02728757
2286,-118.2381103,34.02728757
2287,-118.2379883,34.02667722
2288,-118.2379883,34.02649411
2289,-118.2379883,34.02710446
229,-118.2384155,34.05829343
2290,-118.2381103,34.02649411
2291,-118.2381103,34.02588376
2292,-118.2381103,34.02551755
2293,-118.2370117,34.02710446
2294,-118.2375,34.02710446
2295,-118.2378052,34.02728757
2296,-118.2390259,34.02710446
2297,-118.2390259,34.02692136
2298,-118.2390259,34.02649411
2299,-118.239209,34.02631101
23,-118.246289,34.0629321
230,-118.2379883,34.05847654
2300,-118.239209,34.02307614
2302,-118.239209,34.02570065
2303,-118.2385986,34.02270993
2304,-118.2401245,34.02588376
2305,-118.2396972,34.02570065
2306,-118.2393921,34.02551755
2308,-118.2400024,34.02570065
2309,-118.2403076,34.02588376
231,-118.2378052,34.05829343
2310,-118.2407959,34.02588376
2311,-118.2411011,34.02588376
2312,-118.2414062,34.0261279
2313,-118.2417114,34.02631101
2314,-118.2421997,34.02649411
2315,-118.2425049,34.02649411
2316,-118.2431152,34.02649411
2317,-118.2431152,34.02649411
2318,-118.2432373,34.02649411
2319,-118.2434204,34.02667722
232,-118.237622,34.05829343
2320,-118.2437256,34.02692136
2321,-118.2440918,34.02710446
2322,-118.2448242,34.02771481
2324,-118.244397,34.02789792
2325,-118.2439087,34.02832517
2326,-118.2436035,34.02869138
2327,-118.2434204,34.02869138
2329,-118.2432983,34.02893552
233,-118.2374389,34.05829343
2330,-118.2429931,34.02930173
2331,-118.2425049,34.02972898
2332,-118.2423218,34.02991208
2333,-118.2420166,34.03009519
2334,-118.2418335,34.02991208
2335,-118.2414062,34.02948483
2336,-118.2412231,34.02948483
2337,-118.2411011,34.02930173
2338,-118.2407959,34.02911862
2339,-118.2406128,34.02893552
234,-118.2371948,34.05829343
2340,-118.2404297,34.02869138
2341,-118.2401245,34.02850827
2342,-118.2398193,34.02832517
2343,-118.2396362,34.02789792
2344,-118.2401245,34.02832517
2345,-118.2401245,34.02789792
2346,-118.2403076,34.02753171
2347,-118.2401245,34.02710446
2348,-118.2401245,34.02649411
2349,-118.2401245,34.02631101
235,-118.2368896,34.05829343
2350,-118.2401245,34.0261279
2351,-118.2400024,34.0261279
2352,-118.2414062,34.02692136
2353,-118.24281,34.02570065
2354,-118.2423218,34.02551755
2355,-118.2420166,34.02533444
2356,-118.2417114,34.02533444
2357,-118.2440918,34.0249072
2358,-118.2440918,34.02472409
2359,-118.2437256,34.02472409
236,-118.2370117,34.05829343
2360,-118.2434204,34.02472409
2361,-118.2431152,34.02411374
2362,-118.2429931,34.02447995
2364,-118.242688,34.02447995
2365,-118.2423218,34.02429685
2366,-118.2421997,34.02429685
2367,-118.2425049,34.02332028
2368,-118.24281,34.02350339
2369,-118.2432373,34.02350339
237,-118.2368896,34.05829343
2370,-118.2447021,34.02350339
2371,-118.244397,34.02350339
2372,-118.2439087,34.02270993
2373,-118.2439087,34.02252683
2374,-118.2439087,34.02228269
2375,-118.2440307,34.02173337
2376,-118.2439087,34.02130612
2379,-118.2448242,34.02148923
238,-118.2368896,34.05792722
2380,-118.2447021,34.02173337
2381,-118.244397,34.02173337
2382,-118.2456177,34.02228269
2383,-118.244519,34.02228269
2384,-118.244397,34.02252683
2385,-118.2440918,34.02289304
2386,-118.2420166,34.02350339
2387,-118.2414062,34.02332028
2388,-118.2411011,34.02332028
2389,-118.2404907,34.02332028
239,-118.2370117,34.05792722
2390,-118.2401245,34.02332028
2391,-118.2396972,34.02332028
2392,-118.2396972,34.02307614
2393,-118.2407959,34.02289304
2394,-118.2398193,34.02270993
2395,-118.2404297,34.02252683
2396,-118.2404907,34.02228269
2397,-118.2404907,34.02191647
2398,-118.2404907,34.02148923
2399,-118.2404907,34.02393064
240,-118.2371948,34.05792722
2400,-118.2404907,34.02069577
2402,-118.2404907,34.02051266
2403,-118.2404297,34.02032956
2404,-118.2398193,34.02008542
2405,-118.2399414,34.02008542
2406,-118.2401245,34.02008542
2407,-118.2404907,34.02008542
2408,-118.2403076,34.02008542
2409,-118.2411011,34.02032956
241,-118.2371948,34.05811033
2410,-118.2415283,34.02032956
2411,-118.2418945,34.02051266
2412,-118.2451294,34.02051267
2413,-118.2426269,34.02051266
2414,-118.24281,34.02051266
2415,-118.242688,34.02087888
2416,-118.242688,34.02130612
2417,-118.242688,34.02148923
2418,-118.242688,34.02191647
2419,-118.2426269,34.02228269
2420,-118.242688,34.02270993
2421,-118.2426269,34.02289304
2422,-118.2425049,34.02289304
2423,-118.2420166,34.02289304
2424,-118.2417114,34.02289304
2425,-118.2414062,34.02307614
2426,-118.2414062,34.02289304
2427,-118.2415283,34.02252683
2428,-118.2415283,34.02209958
2431,-118.2414062,34.02173337
2432,-118.2414062,34.02130612
2433,-118.2414062,34.02112302
2434,-118.2415283,34.02087888
2436,-118.2415283,34.02051267
2437,-118.2407959,34.02032956
2438,-118.2412231,34.02032956
244,-118.2378052,34.05811033
2440,-118.2415893,34.02051267
2443,-118.242688,34.02069577
2444,-118.24281,34.02069577
2445,-118.2417114,34.02429685
2446,-118.2417114,34.02447995
2447,-118.2415893,34.02472409
2448,-118.2415283,34.0250903
2449,-118.2414062,34.0250903
245,-118.2379272,34.05811033
2450,-118.2407959,34.0250903
2451,-118.2404907,34.0250903
2452,-118.2401245,34.0249072
2453,-118.2395141,34.0249072
2454,-118.2398193,34.0249072
2455,-118.2411011,34.0261279
2456,-118.2411011,34.02631101
2457,-118.2411011,34.02753171
2458,-118.2411011,34.02710446
246,-118.2379883,34.05829343
2460,-118.2411011,34.02771481
2461,-118.2411011,34.02832517
2462,-118.24104,34.02850827
2463,-118.24104,34.02911862
2464,-118.2411011,34.02893552
2466,-118.2420166,34.02649411
2468,-118.2420166,34.02692136
2469,-118.2421997,34.02692136
247,-118.2381103,34.05811033
2470,-118.2421997,34.02728757
2471,-118.2420166,34.02808103
2472,-118.2418945,34.02832517
2473,-118.2415893,34.02869138
2474,-118.2411011,34.02911862
2476,-118.2414062,34.02911862
2477,-118.2425049,34.02789792
2478,-118.24281,34.02808103
2479,-118.2429931,34.02832517
248,-118.2393921,34.05829343
2480,-118.2426269,34.02789792
2481,-118.2425049,34.02771481
2483,-118.242688,34.02631101
2484,-118.2434204,34.0261279
2485,-118.2436035,34.02588376
2486,-118.2440918,34.0261279
2487,-118.2436035,34.02570065
2488,-118.244519,34.02631101
2489,-118.2450073,34.02649411
249,-118.2395141,34.05811033
2490,-118.2454345,34.02667722
2491,-118.2457397,34.02710446
2492,-118.2464111,34.02753171
2493,-118.2468384,34.02771481
2494,-118.2470215,34.02728757
2495,-118.2473266,34.02728757
2496,-118.2473877,34.02710446
2498,-118.2475097,34.02692136
2499,-118.2472046,34.02667722
250,-118.2398193,34.05829343
2500,-118.2468994,34.02649411
2501,-118.2467163,34.02649411
2502,-118.2465942,34.02631101
2503,-118.2432983,34.02588376
2504,-118.2457397,34.02588376
2505,-118.2451294,34.02551755
2506,-118.2448242,34.02533444
2507,-118.2442138,34.0249072
2508,-118.2437256,34.02533444
2509,-118.2440307,34.0250903
251,-118.2398193,34.05829343
2510,-118.2442138,34.0249072
2511,-118.2442138,34.02472409
2512,-118.244397,34.02447995
2513,-118.2448242,34.02429685
2514,-118.2451904,34.02447995
2515,-118.2454956,34.02447995
2516,-118.2458008,34.02472409
2517,-118.2461059,34.02472409
2518,-118.246289,34.0249072
2519,-118.2464111,34.0250903
252,-118.2401245,34.05829343
2520,-118.2465942,34.02533444
2521,-118.2468994,34.02533444
2522,-118.2484253,34.02350339
2523,-118.2481201,34.02588376
2524,-118.2478149,34.02588376
2525,-118.2473877,34.02570065
2526,-118.2472046,34.02551755
2527,-118.2470215,34.02533444
2528,-118.2470215,34.02447995
2529,-118.2468994,34.02429685
253,-118.2401245,34.05847654
2530,-118.2470215,34.02429685
2532,-118.2473266,34.02411374
2533,-118.2476318,34.02393063
2534,-118.247937,34.02411374
2535,-118.2483032,34.02429685
2536,-118.2486084,34.02447995
2537,-118.2490356,34.02472409
2538,-118.2494018,34.0249072
2539,-118.2498291,34.0250903
254,-118.2403076,34.05847654
2540,-118.2503174,34.02447995
2541,-118.2498901,34.02429685
2542,-118.2495239,34.02411374
2544,-118.2490967,34.02393063
2545,-118.2403076,34.02368649
2546,-118.2482422,34.02332028
2547,-118.247998,34.02332028
2548,-118.247937,34.02332028
2549,-118.2476928,34.02350339
2551,-118.2478149,34.02332028
2552,-118.2478149,34.02307614
2553,-118.2493408,34.02289304
2554,-118.2473266,34.02289304
2555,-118.2467163,34.02228268
2556,-118.246228,34.02228269
2557,-118.2459228,34.02209958
256,-118.2404907,34.05872068
2560,-118.2454345,34.02173337
2561,-118.2448242,34.02148923
2562,-118.2442138,34.02112302
2563,-118.2437256,34.02087888
2564,-118.2434204,34.02087888
2565,-118.2458008,34.02228269
2566,-118.2457397,34.02228269
2567,-118.2456177,34.02252683
2568,-118.2454956,34.02270993
2569,-118.2453125,34.02289304
257,-118.2406128,34.05829343
2570,-118.2457397,34.02289304
2571,-118.2459228,34.02307614
2572,-118.2461059,34.02307614
2573,-118.2465332,34.02350339
2574,-118.2467163,34.02350339
2575,-118.2470215,34.02368649
2576,-118.2450073,34.02307614
2578,-118.2451294,34.02307614
2579,-118.2450073,34.02332028
258,-118.2407959,34.05829343
2580,-118.2448242,34.02350339
2581,-118.2450073,34.02350339
2582,-118.2454956,34.02368649
2583,-118.2459228,34.02368649
2584,-118.244519,34.02429685
2586,-118.2443359,34.02447995
2587,-118.2440918,34.02472409
2588,-118.2440307,34.0250903
2589,-118.2439087,34.0250903
259,-118.2411011,34.05792722
2590,-118.2437256,34.02570065
2591,-118.2434204,34.02570065
2592,-118.2461059,34.0261279
2593,-118.2431152,34.02631101
2594,-118.2429931,34.02649411
2595,-118.24281,34.02667722
2596,-118.242688,34.02710446
2597,-118.2425049,34.02588376
2598,-118.2421997,34.02771481
26,-118.2461059,34.06250486
260,-118.2414062,34.05792722
2601,-118.2487304,34.02368649
2603,-118.2503174,34.02472409
2605,-118.2489136,34.02631101
2606,-118.2486084,34.02649411
2607,-118.2486084,34.02667722
2608,-118.2484253,34.02692136
2609,-118.2481201,34.02710446
261,-118.2418945,34.05768308
2610,-118.247937,34.02728757
2611,-118.2476318,34.02771481
2612,-118.2473877,34.02789792
2613,-118.2472046,34.02808103
2614,-118.2470215,34.02808103
2615,-118.2468994,34.02832517
2616,-118.2468384,34.02832517
2617,-118.2468994,34.02850827
2618,-118.2468384,34.02850827
2619,-118.2459228,34.02930173
262,-118.2420166,34.05768308
2620,-118.2458008,34.02948483
2621,-118.2453125,34.03009519
2622,-118.2451904,34.03009519
2623,-118.2451904,34.03009519
2624,-118.2448242,34.02991208
2625,-118.244519,34.02972898
2626,-118.2442138,34.02948483
2627,-118.2440307,34.02930173
2628,-118.2437256,34.02911862
2629,-118.2434204,34.02893552
263,-118.2421997,34.05731687
2631,-118.2420166,34.03009519
2632,-118.2421997,34.03027829
2633,-118.2426269,34.03052243
2634,-118.242688,34.03052243
2635,-118.24281,34.03027829
2636,-118.2431152,34.03009519
2638,-118.2434204,34.02972898
2639,-118.2437256,34.02948483
264,-118.2423218,34.05713376
2640,-118.2440307,34.02948483
2641,-118.244519,34.03009519
2642,-118.2432373,34.03113278
2643,-118.24281,34.03088864
2644,-118.2436035,34.031499
2645,-118.2439087,34.0316821
2646,-118.2440918,34.03192624
2647,-118.2442138,34.0316821
2648,-118.2443359,34.03210935
265,-118.2426269,34.05688962
2650,-118.244519,34.0316821
2651,-118.2446411,34.0316821
2652,-118.2448242,34.03192624
2653,-118.2451904,34.03192624
2654,-118.2454956,34.03229245
2655,-118.2453125,34.03229245
2656,-118.2461059,34.03247556
2657,-118.2464111,34.0327197
2658,-118.2467163,34.0329028
266,-118.242688,34.05688962
2660,-118.2472046,34.03308591
2661,-118.2475097,34.03333005
2662,-118.2478149,34.03333005
2663,-118.247998,34.03351316
2664,-118.2486084,34.03387937
2665,-118.2482422,34.03430661
2666,-118.2478149,34.03491696
2667,-118.2475097,34.03473386
2668,-118.2472046,34.03448972
2669,-118.2470215,34.03430661
267,-118.24281,34.05670652
2670,-118.2467163,34.03412351
2671,-118.246289,34.03387937
2672,-118.2459228,34.03351316
2673,-118.2456177,34.03333005
2674,-118.2454956,34.03333005
2675,-118.2453125,34.0329028
2676,-118.2448242,34.0327197
2677,-118.2456177,34.03229245
2678,-118.2459228,34.03247556
2679,-118.2446411,34.03149899
268,-118.2429931,34.05652341
2680,-118.2448242,34.03113278
2681,-118.2451904,34.03088864
2682,-118.2451904,34.03052243
2685,-118.2450073,34.03088864
2687,-118.2453125,34.03027829
2688,-118.2459228,34.03052243
2689,-118.2461059,34.03070554
269,-118.2432373,34.05627927
2690,-118.2465332,34.03070554
2691,-118.2468994,34.03088864
2692,-118.2470215,34.03113278
2693,-118.2473266,34.03113278
2694,-118.2476928,34.03131589
2695,-118.247937,34.03131589
2696,-118.2483032,34.0316821
2697,-118.2486084,34.0316821
2698,-118.2489136,34.03192624
2699,-118.2494018,34.03192624
27,-118.2459228,34.06207761
270,-118.2434204,34.05591306
2700,-118.249707,34.03210935
2701,-118.249707,34.03229245
2702,-118.2505005,34.03131589
2703,-118.2505005,34.03131589
2704,-118.2505005,34.03113278
2705,-118.2509887,34.03052243
2707,-118.2506225,34.03027829
2708,-118.234021,34.03052243
2709,-118.2504394,34.03027829
271,-118.2442138,34.05487546
2710,-118.2505005,34.03027829
2711,-118.2501953,34.03009519
2712,-118.2500122,34.03027829
2713,-118.2500122,34.03009519
2715,-118.2498901,34.02991208
2716,-118.249707,34.03009519
2717,-118.2495239,34.02991208
2718,-118.2494018,34.02991208
2719,-118.2490356,34.02972898
272,-118.2440918,34.0551196
2720,-118.2486084,34.02948483
2721,-118.2483032,34.02930173
2722,-118.247937,34.02911862
2723,-118.2476928,34.02893552
2724,-118.2472046,34.02869138
2726,-118.2465942,34.02893552
2727,-118.246289,34.02930173
2728,-118.246228,34.02948483
273,-118.2436035,34.05572995
2730,-118.2459228,34.02948483
2731,-118.2458008,34.02972897
2732,-118.2454956,34.03009519
2733,-118.2454345,34.03027829
2735,-118.2470215,34.02850827
2736,-118.2473266,34.02808103
2737,-118.2475097,34.02789792
2738,-118.2476928,34.02771481
2739,-118.2478149,34.02771481
274,-118.2436035,34.05548581
2740,-118.2481201,34.02728757
2741,-118.2483032,34.02710446
2743,-118.2487915,34.02649411
2744,-118.2489136,34.02649411
2745,-118.2489136,34.02649411
2746,-118.2490356,34.02631101
2747,-118.2495239,34.02570065
2748,-118.249707,34.02551755
2749,-118.2498291,34.02551755
2750,-118.2498901,34.02551755
2751,-118.2500122,34.02533444
2752,-118.2501953,34.0249072
2753,-118.2504394,34.02472409
2754,-118.2505005,34.02472409
2756,-118.2343872,34.0249072
2757,-118.2512939,34.02533444
2758,-118.2511108,34.02551755
2759,-118.2509887,34.02570065
2760,-118.2490967,34.02948483
2762,-118.2490356,34.02948483
2763,-118.2495239,34.02869138
2764,-118.2492187,34.02850827
2765,-118.2487915,34.02832517
2766,-118.2506225,34.02753171
2767,-118.2506225,34.02771481
2768,-118.2505005,34.02789792
2769,-118.2501953,34.02808103
277,-118.2431152,34.05609617
2770,-118.2498901,34.02850827
2771,-118.2498901,34.02869138
2772,-118.249707,34.02869138
2773,-118.2661255,34.02911862
2774,-118.2660034,34.02667722
2775,-118.2495239,34.02667722
2776,-118.2500122,34.02692136
2777,-118.2503174,34.02710446
2778,-118.2506225,34.02728757
2779,-118.2504394,34.02789792
278,-118.24281,34.05627927
2781,-118.2509887,34.02753171
2782,-118.2512939,34.02753171
2783,-118.2484253,34.02850827
2784,-118.2484253,34.02869138
2785,-118.2481201,34.02893552
2787,-118.2484253,34.02808103
2788,-118.247998,34.02789792
2789,-118.2489136,34.02789792
279,-118.2426269,34.05670652
2790,-118.2492187,34.02771481
2791,-118.2494018,34.02753171
2792,-118.2495239,34.02728757
2793,-118.2517212,34.02789792
2794,-118.2515991,34.02808103
2795,-118.2519043,34.02808103
2796,-118.2517212,34.02808103
2797,-118.2515381,34.02832517
2798,-118.2512939,34.02869138
2799,-118.2509887,34.02911862
28,-118.2457397,34.06207761
280,-118.2425049,34.05670652
2800,-118.2508056,34.02930173
2802,-118.2505005,34.02948483
2803,-118.2503174,34.02972897
2804,-118.2501953,34.02991208
2805,-118.2506225,34.02911862
2806,-118.2500122,34.02893552
2807,-118.2519043,34.02789792
2808,-118.2523926,34.02808103
2809,-118.2528198,34.02832516
281,-118.2423218,34.05688962
2811,-118.2525146,34.02728757
2812,-118.2526367,34.02692136
2813,-118.2526977,34.02667722
2814,-118.2528198,34.02667722
2815,-118.2530029,34.02649411
2816,-118.253125,34.02649411
2817,-118.2534302,34.0261279
2818,-118.2534912,34.0261279
2819,-118.253125,34.0261279
282,-118.2421997,34.05713376
2820,-118.2528198,34.02570065
2821,-118.2523926,34.02551755
2822,-118.2522095,34.02588376
2823,-118.2520263,34.0261279
2824,-118.2517212,34.026311
2826,-118.2520874,34.02649411
2827,-118.2525146,34.02667722
2828,-118.2360351,34.02667722
283,-118.2420166,34.05713376
2830,-118.2525146,34.02692136
2831,-118.2525146,34.02710446
2832,-118.2515381,34.0261279
2833,-118.2511108,34.02588376
2834,-118.2553222,34.02710446
2836,-118.2551391,34.02728757
2837,-118.2552002,34.02728757
2838,-118.2550171,34.02753171
2839,-118.254834,34.02771481
2840,-118.2544067,34.02753171
2841,-118.2541015,34.02728757
2842,-118.2536133,34.02710446
2843,-118.2551391,34.02789792
2844,-118.2553222,34.02808103
2845,-118.2558105,34.02808103
2846,-118.2561157,34.02832517
2847,-118.2564209,34.02850827
2848,-118.256604,34.02850827
2849,-118.2551391,34.02667722
285,-118.2418335,34.05749997
2850,-118.254895,34.02649411
2851,-118.2544067,34.02649411
2852,-118.2539184,34.02631101
2853,-118.254834,34.03027829
2854,-118.2544067,34.03009519
2855,-118.2542236,34.02991208
2856,-118.2540405,34.02991208
2857,-118.2539184,34.02991208
2858,-118.2540405,34.03009519
286,-118.2415893,34.05768308
2860,-118.2537353,34.02972897
2861,-118.2536133,34.02972897
2862,-118.2536133,34.02991208
2863,-118.2534912,34.02972897
2864,-118.253125,34.02972897
2865,-118.2530029,34.02948483
2867,-118.2529419,34.02948483
2868,-118.2528198,34.02930173
2869,-118.2526367,34.02930173
287,-118.2412231,34.05768308
2870,-118.2525146,34.02911862
2872,-118.2520874,34.02911862
2873,-118.2515991,34.02893552
2874,-118.251416,34.02869138
2875,-118.2520263,34.02972897
2876,-118.2529419,34.03027829
2877,-118.2536133,34.03027829
2878,-118.2542236,34.03088864
2879,-118.254895,34.03113278
288,-118.24104,34.05792722
2880,-118.2550171,34.03131589
2881,-118.254834,34.031499
2882,-118.2545898,34.0316821
2883,-118.2544067,34.03192624
2884,-118.2542236,34.03229245
2885,-118.2540405,34.03210935
2886,-118.2533081,34.0316821
2887,-118.2530029,34.03149899
2888,-118.2526977,34.03131589
2889,-118.2523315,34.03210935
289,-118.2407348,34.05811033
2890,-118.2526977,34.03229245
2891,-118.2528198,34.03229245
2892,-118.2530029,34.03229245
2893,-118.2534302,34.03247556
2894,-118.2542236,34.03247556
2895,-118.2540405,34.0327197
2896,-118.2537964,34.0329028
2897,-118.2534912,34.03333005
2898,-118.2533081,34.03369626
2899,-118.253125,34.03369626
29,-118.2453125,34.0617114
290,-118.2404907,34.05829343
2900,-118.2526977,34.03351316
2901,-118.2661255,34.03308591
2902,-118.2517212,34.03308591
2903,-118.2512939,34.03351315
2904,-118.2509887,34.03387937
2905,-118.2506225,34.03430661
2906,-118.2505005,34.03448972
2907,-118.2505005,34.03473386
2908,-118.2495239,34.03589353
2909,-118.249707,34.03412351
291,-118.2436035,34.05591306
2910,-118.2494018,34.03430661
2911,-118.2494018,34.03448972
2912,-118.2490967,34.03510007
2913,-118.2487915,34.03552732
2914,-118.2487304,34.03571042
2915,-118.2498901,34.03571042
2916,-118.2501343,34.03589353
2917,-118.2505005,34.03632077
2918,-118.2506225,34.03693112
2919,-118.2505005,34.03711423
2920,-118.2501953,34.03711423
2921,-118.2505005,34.03729733
2922,-118.2506225,34.03748044
2923,-118.2512939,34.03650388
2924,-118.2523315,34.03552732
2925,-118.2530029,34.03589353
2926,-118.253125,34.03607663
2927,-118.2525146,34.03668698
2928,-118.2523315,34.03693112
2929,-118.2526977,34.03729733
2930,-118.2530029,34.03748044
2931,-118.2530029,34.03748044
2932,-118.2533081,34.03772458
2933,-118.2536133,34.03790769
2934,-118.2539184,34.03833493
2935,-118.2547119,34.03790769
2936,-118.254895,34.03748044
2937,-118.2551391,34.03729733
2938,-118.2552002,34.03711423
2939,-118.2553222,34.03693112
294,-118.2437256,34.05530271
2940,-118.2553222,34.03668698
2941,-118.2556885,34.03650388
2942,-118.2562988,34.03571042
2943,-118.2564209,34.03571042
2944,-118.2564209,34.03552732
2945,-118.256604,34.03528317
2946,-118.2567871,34.03491696
2947,-118.2570923,34.03473386
2948,-118.2573974,34.03448972
2949,-118.2572143,34.03448972
2950,-118.2576416,34.03430661
2951,-118.2578247,34.03387937
2952,-118.2581909,34.03351315
2953,-118.2581909,34.03333005
2954,-118.2584961,34.0329028
2955,-118.2587402,34.0327197
2956,-118.2589233,34.03247556
2957,-118.2592895,34.03229245
2958,-118.2594116,34.03210935
2959,-118.2595947,34.0316821
296,-118.244519,34.05487546
2960,-118.2603882,34.03070554
2961,-118.2605102,34.0473071
2962,-118.2608154,34.03009519
2963,-118.2613037,34.02991208
2964,-118.2623413,34.02972897
2965,-118.2611206,34.02948483
2966,-118.2609985,34.02948483
2967,-118.2605102,34.02930173
2968,-118.2602051,34.02911862
2969,-118.2598999,34.02893552
297,-118.2447021,34.05469236
2970,-118.2594116,34.02869138
2971,-118.2592285,34.02869138
2972,-118.2589233,34.02869138
2973,-118.2588013,34.02893552
2974,-118.258435,34.02948483
2975,-118.2580078,34.02991208
2976,-118.2580078,34.03113278
2977,-118.258313,34.03113278
2978,-118.2586181,34.03131589
2979,-118.2592895,34.03192624
298,-118.2448242,34.05450925
2980,-118.2573364,34.03070554
2981,-118.2569092,34.03052243
2982,-118.2562378,34.02930173
2983,-118.2575195,34.02789792
2984,-118.2558105,34.03009519
2985,-118.2556885,34.03009519
2986,-118.2555054,34.03052243
2987,-118.2553222,34.03088864
2988,-118.2562988,34.03131589
2989,-118.2561157,34.0316821
299,-118.2451294,34.05432615
2990,-118.2567871,34.03149899
2991,-118.2572143,34.0316821
2992,-118.2575195,34.03192624
2993,-118.2578247,34.03210935
2994,-118.2578247,34.03229245
2995,-118.258313,34.0316821
2996,-118.2588013,34.03247556
2997,-118.2569092,34.03448972
2998,-118.2564209,34.03430661
2999,-118.2556885,34.03448972
3,-118.2541015,34.05908689
30,-118.2450073,34.0617114
300,-118.2453125,34.054082
3000,-118.2559326,34.03528317
3001,-118.254834,34.03473386
3002,-118.2545898,34.03448972
3003,-118.2541015,34.03448972
3004,-118.2540405,34.03491696
3005,-118.2522095,34.03528317
3006,-118.2522095,34.03552732
3007,-118.2537353,34.03387937
3008,-118.2534912,34.03387937
3009,-118.253125,34.03589353
301,-118.2454956,34.0538989
3010,-118.2540405,34.03650388
3011,-118.2542236,34.03668698
3012,-118.2547119,34.03693112
3013,-118.2530029,34.03607663
3014,-118.2528198,34.03650388
3016,-118.2627075,34.02307614
3017,-118.2625244,34.0316821
3018,-118.2624023,34.03149899
3019,-118.2622192,34.03113278
302,-118.2456177,34.0538989
3020,-118.261792,34.03131589
3022,-118.2620971,34.03247556
3023,-118.261914,34.03247556
3024,-118.2622192,34.03247556
3025,-118.2614868,34.03308591
3026,-118.2614258,34.0329028
3027,-118.2608154,34.0327197
3028,-118.2605102,34.03247556
3029,-118.2606933,34.03210934
303,-118.2457397,34.05371579
3030,-118.2603882,34.03229245
3031,-118.2603271,34.03229245
3032,-118.260022,34.03229245
3033,-118.260022,34.03308591
3034,-118.2598999,34.03308591
3035,-118.2592895,34.0329028
3036,-118.2605102,34.03351315
3037,-118.2598388,34.03351315
3038,-118.2594116,34.03369626
3039,-118.2597168,34.03448972
304,-118.2456177,34.05353269
3040,-118.2592285,34.03430661
3041,-118.2589233,34.03412351
3042,-118.2591064,34.03430661
3043,-118.2584961,34.03510007
3044,-118.2581909,34.03510007
3045,-118.2581909,34.03510007
3046,-118.258313,34.03528317
3047,-118.2584961,34.03528317
3048,-118.2588013,34.03552732
3049,-118.2580078,34.03552731
305,-118.2453125,34.05371579
3050,-118.2578247,34.03589353
3051,-118.2573974,34.03668698
3052,-118.2573364,34.03632077
3053,-118.2569092,34.03607663
3054,-118.2567261,34.03589353
3055,-118.2572143,34.03650388
3056,-118.2572143,34.03668698
3057,-118.2594116,34.03729733
3058,-118.2564209,34.03748044
3059,-118.2561157,34.03772458
306,-118.2453125,34.0538989
3060,-118.256604,34.03809079
3061,-118.2559326,34.03772458
3062,-118.2556274,34.03748044
3063,-118.2550171,34.03888425
3064,-118.2545898,34.03870114
3065,-118.2552002,34.03888425
3066,-118.2556885,34.03967771
3067,-118.2558105,34.03967771
3068,-118.2556885,34.0394946
3069,-118.2558105,34.0394946
307,-118.2451904,34.0538989
3070,-118.2567871,34.0405322
3071,-118.2569092,34.0405322
3072,-118.2580078,34.03912839
3073,-118.2577026,34.03888425
3074,-118.2577026,34.03870114
3075,-118.2572143,34.03851804
3076,-118.2572143,34.03851804
3077,-118.2572143,34.03833493
3078,-118.2576416,34.03809079
3079,-118.2578247,34.03748044
308,-118.2448242,34.05408201
3080,-118.2580078,34.03748044
3081,-118.2581909,34.03729733
3082,-118.2581909,34.03711423
3083,-118.2581909,34.03693112
3084,-118.2586181,34.03650388
3085,-118.2592895,34.03589353
3086,-118.2592285,34.03571042
3087,-118.2594116,34.03571042
3088,-118.2595337,34.03571042
3089,-118.2595947,34.03552731
309,-118.2447021,34.05450925
3090,-118.2598388,34.03528317
3091,-118.2602051,34.03473386
3092,-118.2605102,34.03430661
3093,-118.2609985,34.03387937
3094,-118.2614868,34.03308591
3095,-118.2617309,34.03308591
3096,-118.2617309,34.03308591
3097,-118.2620971,34.03333005
3098,-118.2616089,34.03308591
3099,-118.2622192,34.03229245
31,-118.2447021,34.06128415
310,-118.244519,34.05469236
3100,-118.2623413,34.03229245
3101,-118.2628906,34.0316821
3102,-118.263623,34.03070554
3103,-118.2633179,34.03070554
3104,-118.2598999,34.03027829
3105,-118.2439087,34.03229245
3106,-118.2436035,34.0329028
3107,-118.2440918,34.03333005
3108,-118.2434204,34.03351316
3109,-118.2432983,34.03351316
311,-118.2399414,34.05811033
3110,-118.2429931,34.03351316
3111,-118.2429321,34.03430661
3112,-118.2423218,34.03510007
3113,-118.2420166,34.03571042
3114,-118.2417114,34.03607663
3115,-118.2412231,34.03650388
3116,-118.2411011,34.03668698
3117,-118.2417114,34.03711423
3118,-118.2420166,34.03693112
3119,-118.2421997,34.03668698
312,-118.2399414,34.05768308
3120,-118.24281,34.03589353
3121,-118.2425049,34.03772458
3122,-118.2429931,34.03809079
3123,-118.2436035,34.03772458
3124,-118.2437256,34.03851804
3125,-118.2440307,34.03870114
3126,-118.2440307,34.03851804
3127,-118.244397,34.03790769
3128,-118.2450073,34.03729733
3129,-118.244397,34.03888425
313,-118.2404297,34.05731687
3130,-118.2437256,34.03967771
3131,-118.24281,34.0393115
3132,-118.2451904,34.03833493
3133,-118.2439087,34.04089841
3134,-118.244519,34.04010495
3135,-118.2451294,34.0394946
3136,-118.2459228,34.03870114
3137,-118.2468994,34.0393115
3138,-118.2461059,34.03992185
3139,-118.2454956,34.04028806
314,-118.2406128,34.05713376
3140,-118.2450073,34.04108151
3141,-118.2459228,34.04150876
3142,-118.246289,34.04108152
3143,-118.2467163,34.04089841
3144,-118.2468994,34.0405322
3145,-118.2473877,34.04010495
3146,-118.2478149,34.03967771
3147,-118.2470215,34.04150876
3148,-118.2473877,34.04108152
3149,-118.2481201,34.0407153
315,-118.2412231,34.05670652
3150,-118.2476318,34.04291257
3151,-118.2478149,34.04272946
3152,-118.2481201,34.04169187
3153,-118.2484253,34.04187497
3154,-118.2490356,34.04132566
3155,-118.2500122,34.04187497
3156,-118.2493408,34.04230222
3157,-118.2487915,34.04211911
3158,-118.2498901,34.04291257
3159,-118.2505005,34.04150876
3160,-118.2508056,34.04108151
3161,-118.2512939,34.04108152
3162,-118.2511108,34.04089841
3163,-118.2504394,34.04028806
3164,-118.2506225,34.03992185
3165,-118.249707,34.04089841
3166,-118.249707,34.0394946
3167,-118.2484253,34.03912839
3168,-118.2493408,34.03809079
3169,-118.2498901,34.0393115
317,-118.2412231,34.05652341
3170,-118.2493408,34.03912839
3171,-118.2487915,34.03888425
3172,-118.2487915,34.03833493
3173,-118.2483032,34.03772458
3174,-118.2476318,34.03729733
3175,-118.2468384,34.03790769
3176,-118.2473266,34.03693112
3177,-118.246228,34.03729733
3178,-118.2468384,34.03650388
3179,-118.246289,34.03607663
318,-118.2415283,34.05627927
3180,-118.2454956,34.03668698
3181,-118.2459228,34.03607663
3182,-118.2459228,34.03571042
3183,-118.246289,34.03528317
3184,-118.2442138,34.03693112
3185,-118.2447021,34.03632077
3186,-118.2451904,34.03571042
3187,-118.2454345,34.03552732
3188,-118.2459228,34.03491696
3189,-118.2451904,34.03528317
319,-118.2415893,34.05627927
3190,-118.2447021,34.03491696
3191,-118.244397,34.03430661
3192,-118.2439087,34.03448972
3193,-118.2434204,34.03528317
3194,-118.2440307,34.03430661
3195,-118.2515381,34.03912839
3196,-118.2517212,34.03888425
3197,-118.2520874,34.03870114
3198,-118.2525146,34.0393115
3199,-118.2523926,34.03833493
32,-118.2448242,34.06128415
320,-118.2414062,34.05609617
3200,-118.2523926,34.03967771
3201,-118.2520874,34.04010495
3202,-118.2528198,34.0394946
3203,-118.2533081,34.03888425
3204,-118.2530029,34.03992185
3205,-118.2539184,34.03967771
3206,-118.2536133,34.03992185
3207,-118.2528198,34.0405322
3208,-118.2522095,34.04089841
3209,-118.2536133,34.0405322
321,-118.2418945,34.05591306
3210,-118.2540405,34.0407153
3211,-118.2544067,34.0405322
3212,-118.254895,34.04028806
3213,-118.2545288,34.04108151
3214,-118.2540405,34.04150876
3215,-118.2542236,34.04187497
3216,-118.2547119,34.04169187
3217,-118.2551391,34.04150876
3218,-118.2553222,34.04132566
3219,-118.2555054,34.04211911
322,-118.2420166,34.05548581
3220,-118.2553222,34.04291257
3221,-118.2567261,34.04169187
3222,-118.2561157,34.04230222
3223,-118.2562988,34.04248532
3224,-118.2577026,34.04248532
3225,-118.2567261,34.04352292
3226,-118.2573974,34.04309567
3227,-118.2576416,34.04431638
3228,-118.2578247,34.04413327
3229,-118.258313,34.04352292
323,-118.2423218,34.05530271
3230,-118.2589233,34.04309567
3231,-118.2584961,34.04388913
3232,-118.2580078,34.04370603
3233,-118.2587402,34.04510984
3234,-118.2591064,34.04468259
3235,-118.2597168,34.04388913
3236,-118.2597168,34.04468259
3237,-118.2603882,34.04510983
3238,-118.2611206,34.0460864
3239,-118.2620972,34.04510983
324,-118.2426269,34.0551196
3240,-118.2614868,34.04572019
3241,-118.2628296,34.04633054
3242,-118.2631958,34.04590329
3243,-118.2633179,34.04651364
3244,-118.2624023,34.04669675
3245,-118.2639892,34.04687985
3246,-118.2642334,34.04687985
3247,-118.265393,34.0473071
3248,-118.2658203,34.0473071
3249,-118.2661255,34.04687985
325,-118.242688,34.0551196
3250,-118.2647217,34.04687985
3251,-118.263623,34.04773435
3252,-118.2634399,34.04791745
3253,-118.2628906,34.04871091
3254,-118.2623413,34.0485278
3255,-118.2620361,34.04828366
3256,-118.2611206,34.04791745
3257,-118.2609985,34.04828366
3258,-118.2614868,34.04773435
3259,-118.2617309,34.04749021
3260,-118.260022,34.0473071
3261,-118.2589233,34.04651364
3262,-118.2595337,34.0460864
3263,-118.2581909,34.04547605
3264,-118.2578247,34.04590329
3265,-118.2575195,34.04633054
3266,-118.2572143,34.04468259
3267,-118.2569092,34.04510984
3268,-118.256604,34.04547605
3269,-118.2562988,34.04572019
327,-118.2432983,34.05487546
3270,-118.2561157,34.0460864
3271,-118.2573974,34.04547605
3272,-118.2562988,34.04468259
3273,-118.2556274,34.04449948
3274,-118.2541015,34.04449948
3275,-118.2542236,34.04431638
3276,-118.2545898,34.04388913
3277,-118.2547119,34.04370603
3278,-118.2551391,34.04352292
3279,-118.2542236,34.04352292
328,-118.2431152,34.05469236
3280,-118.2526977,34.04413327
3281,-118.2530029,34.04388913
3282,-118.253125,34.04352292
3283,-118.2534302,34.04327878
3284,-118.2536133,34.04309567
3285,-118.2539184,34.04272946
3286,-118.2540405,34.04327878
3287,-118.2533081,34.04291257
3288,-118.253125,34.04272946
3289,-118.2526977,34.04230222
329,-118.2434204,34.05432615
3290,-118.2523926,34.04211911
3291,-118.2523315,34.04187497
3292,-118.2526977,34.04169187
3293,-118.2519043,34.04211911
3294,-118.2515991,34.04248532
3295,-118.2592285,34.04089841
3296,-118.2598999,34.04108151
3297,-118.2603882,34.0405322
3298,-118.2609375,34.04089841
3299,-118.2606933,34.04108151
33,-118.2451294,34.0617114
330,-118.2436035,34.05408201
3300,-118.2603882,34.04150876
3301,-118.2611206,34.0407153
3302,-118.2614258,34.04028806
3303,-118.2611206,34.04108151
3304,-118.2616089,34.04132566
3305,-118.261792,34.04150876
3306,-118.2622192,34.04169187
3307,-118.2620971,34.04132566
3308,-118.2613037,34.04230222
3309,-118.2609985,34.04272946
331,-118.2437256,34.0538989
3310,-118.2624023,34.04291257
3311,-118.2620971,34.04327878
3312,-118.2627075,34.04272946
3313,-118.2628296,34.04211911
3314,-118.2631958,34.04211911
3315,-118.263623,34.04248532
3316,-118.263623,34.04327878
3317,-118.2633179,34.04388913
3318,-118.2642944,34.04309567
3319,-118.2650879,34.04370603
332,-118.2440918,34.05371579
3320,-118.2649048,34.04413327
3321,-118.2656372,34.04388913
3322,-118.2692993,34.04547604
3323,-118.2675903,34.04510983
3324,-118.2680176,34.04431638
3325,-118.2683227,34.04529294
3326,-118.2710083,34.04370603
3327,-118.2711914,34.04327878
3328,-118.2716186,34.04272946
3329,-118.2714966,34.04230222
333,-118.2442138,34.05353269
3330,-118.2711304,34.04211911
3331,-118.2702148,34.04169187
3332,-118.2678955,34.0405322
3333,-118.2672241,34.04028806
3334,-118.2664917,34.0405322
3335,-118.2658203,34.04132565
3336,-118.2655151,34.04169187
3337,-118.2656982,34.0394946
3338,-118.2661255,34.03967771
3339,-118.265332,34.03967771
334,-118.244397,34.05328855
3340,-118.2647217,34.0405322
3341,-118.265332,34.03931149
3342,-118.2649048,34.0393115
3343,-118.2642944,34.03912839
3344,-118.2638061,34.0394946
3345,-118.2644165,34.03870114
3346,-118.2624023,34.03931149
3347,-118.2627075,34.03888425
3348,-118.2628906,34.03870114
3349,-118.2630127,34.03870114
335,-118.244519,34.05310544
3350,-118.2633179,34.03833493
3351,-118.2638061,34.03870114
3352,-118.2631347,34.03809079
3353,-118.2627075,34.03809079
3354,-118.2624023,34.03772458
3355,-118.2622192,34.03748044
3356,-118.2625244,34.03729733
3357,-118.2628296,34.03693112
3358,-118.2620361,34.03790769
3359,-118.2617309,34.03833493
336,-118.244519,34.0526782
3360,-118.2614868,34.03851804
3361,-118.2603271,34.03809079
3362,-118.2606323,34.03851804
3363,-118.2605102,34.03790769
3364,-118.2606933,34.03772458
3365,-118.2609985,34.03729733
3366,-118.2614868,34.03729733
3367,-118.2608154,34.03693112
3368,-118.2631347,34.0329028
3369,-118.2628906,34.03308591
337,-118.244397,34.0526782
3370,-118.263501,34.03308591
3371,-118.263623,34.03308591
3372,-118.2625244,34.03369626
3373,-118.2627075,34.03369626
3374,-118.2630127,34.03387937
3375,-118.2631958,34.03412351
3376,-118.2623413,34.03387937
3377,-118.2628906,34.03491696
3378,-118.2627075,34.03473386
3379,-118.2625244,34.03473386
338,-118.2442138,34.05310544
3381,-118.2624023,34.03448972
3382,-118.2622192,34.03448972
3383,-118.261914,34.03448972
3384,-118.2614868,34.03491696
3385,-118.261792,34.03528317
3386,-118.2623413,34.03552731
3387,-118.2611206,34.03528317
3388,-118.2613037,34.03589353
3389,-118.2608154,34.03571042
3390,-118.2605102,34.03607663
3391,-118.2613037,34.03711423
3392,-118.2614258,34.03693112
3393,-118.2614868,34.03668698
3394,-118.2616089,34.03650388
3395,-118.261792,34.03632077
3396,-118.261914,34.03632077
3397,-118.2625244,34.03571042
3398,-118.2628906,34.03571042
3399,-118.2631958,34.03589353
34,-118.2453125,34.06207761
340,-118.2440918,34.05328855
3400,-118.263623,34.03571042
3401,-118.2630127,34.03491696
3402,-118.2631958,34.03473386
3403,-118.2633179,34.03510007
3404,-118.263501,34.03528317
3405,-118.2633179,34.03448972
3407,-118.263501,34.03412351
3408,-118.263623,34.03430661
3409,-118.2639892,34.03448972
341,-118.2439087,34.05353269
3410,-118.2642944,34.03473386
3411,-118.263623,34.03387937
3412,-118.2638061,34.03387937
3413,-118.2641113,34.03351315
3414,-118.2645386,34.03369626
3415,-118.2649048,34.03387937
3416,-118.2650879,34.03387937
3417,-118.265393,34.03430661
3418,-118.2647217,34.03448972
3419,-118.2645386,34.03473386
342,-118.2434204,34.0538989
3420,-118.2642944,34.03510007
3421,-118.2641113,34.03528317
3422,-118.2647217,34.03491696
3424,-118.2649048,34.03491696
3425,-118.2650879,34.03510007
3426,-118.2638061,34.03552731
3427,-118.2642334,34.03571042
3428,-118.2644165,34.03571042
3429,-118.2645386,34.03571042
343,-118.2432373,34.05408201
3431,-118.263501,34.03589353
3432,-118.2630127,34.03668698
3433,-118.2628296,34.03668698
3434,-118.2625244,34.03729733
3435,-118.2638061,34.03632077
3436,-118.2639892,34.03650388
3437,-118.2631958,34.03772458
3438,-118.263501,34.03748044
3439,-118.2642944,34.03668698
344,-118.2431152,34.054082
3440,-118.2639892,34.03693112
3441,-118.2645386,34.03668698
3442,-118.2647217,34.03693112
3443,-118.2645996,34.03632077
3444,-118.2645996,34.03607663
3445,-118.2647217,34.03589353
3446,-118.2650268,34.03589353
3447,-118.265332,34.03607663
3448,-118.2650268,34.03571042
3449,-118.2650879,34.03552731
345,-118.2431152,34.05432615
3450,-118.265393,34.03528317
3451,-118.2655151,34.03528317
3452,-118.2656982,34.03552731
3453,-118.2656982,34.03473386
3454,-118.2658203,34.03448972
3455,-118.2661255,34.03448972
3456,-118.2667358,34.03491696
3457,-118.2664917,34.03491696
3458,-118.2669189,34.03510007
3459,-118.2669189,34.03491696
346,-118.2432373,34.05487546
3460,-118.2674072,34.03528317
3461,-118.2663086,34.03571042
3462,-118.2667969,34.03589353
3463,-118.267102,34.03607663
3464,-118.2672241,34.03607663
3465,-118.2658203,34.03650388
3466,-118.2660034,34.03632077
3467,-118.2663086,34.03668698
3468,-118.2666138,34.03693112
3469,-118.265393,34.03729733
347,-118.24281,34.05487546
3470,-118.2652099,34.03748044
3471,-118.2650879,34.03772458
3472,-118.2649048,34.03790769
3473,-118.2647217,34.03809079
3474,-118.2645996,34.03851804
3475,-118.2656982,34.0394946
3476,-118.2658203,34.03912839
3477,-118.2661255,34.03870114
3478,-118.2663086,34.03851804
3479,-118.2666138,34.03809079
348,-118.2426269,34.05469236
3480,-118.2667969,34.03790769
3481,-118.267041,34.03748044
3482,-118.267102,34.03711423
3483,-118.2672241,34.03693112
3484,-118.2674072,34.03668698
3485,-118.2675903,34.03668698
3486,-118.2678955,34.03668698
3487,-118.2682007,34.03668698
3488,-118.2685058,34.03693112
3489,-118.2678955,34.03607663
349,-118.2423218,34.05487546
3490,-118.2680176,34.03589353
3491,-118.2680176,34.03571042
3492,-118.2678345,34.03552731
3493,-118.2691162,34.03650388
3494,-118.2689941,34.03668698
3495,-118.2689941,34.03693112
3496,-118.268811,34.03711423
3497,-118.2686279,34.03693112
3498,-118.2691162,34.03711423
3499,-118.2692993,34.03729733
35,-118.244397,34.06128415
350,-118.2425049,34.05487546
3500,-118.2694214,34.03748044
3501,-118.2691162,34.03772458
3502,-118.2685058,34.03748044
3503,-118.2683227,34.03772458
3504,-118.2683227,34.03790769
3505,-118.2682007,34.03809079
3506,-118.2681396,34.03809079
3507,-118.2678955,34.03851804
3509,-118.2677124,34.03870114
351,-118.2421387,34.0551196
3510,-118.2675903,34.03888425
3511,-118.2674072,34.03931149
3512,-118.2674072,34.0394946
3513,-118.2672241,34.0394946
3514,-118.2683227,34.04028806
3516,-118.2685058,34.03992185
3517,-118.2686889,34.03967771
3518,-118.2681396,34.04010495
352,-118.2418945,34.05548581
3521,-118.2689941,34.03912839
3522,-118.2692383,34.03888425
3523,-118.2692993,34.03870114
3524,-118.2694214,34.03851804
3525,-118.2696045,34.03833493
3526,-118.2696045,34.03809079
3527,-118.2697876,34.03809079
3528,-118.2700928,34.03809079
3529,-118.27052,34.03833493
3530,-118.27052,34.03851804
3531,-118.2708252,34.03851804
3532,-118.2710083,34.03870114
3533,-118.2713135,34.03870114
3534,-118.2714966,34.03912839
3537,-118.2390869,34.02789792
3538,-118.2390259,34.02832517
3539,-118.2387207,34.02832517
3540,-118.2390259,34.02869138
3541,-118.2381103,34.02948483
3542,-118.2389038,34.02948483
3543,-118.2387207,34.03009519
3544,-118.2389038,34.03070554
3545,-118.2389038,34.03113278
3546,-118.2387207,34.031499
3547,-118.2387207,34.0316821
3548,-118.2385986,34.0316821
3549,-118.2384155,34.0316821
355,-118.2412231,34.05627927
3550,-118.2381103,34.0316821
3551,-118.2387207,34.0327197
3552,-118.2387207,34.03308591
3553,-118.2387207,34.03369626
3554,-118.2368896,34.03491696
3555,-118.2375,34.03491696
3556,-118.2385986,34.03491696
3557,-118.2385376,34.03589353
3558,-118.2385986,34.03650388
3559,-118.2384155,34.03711423
356,-118.2411011,34.05652341
3560,-118.2381103,34.03668698
3561,-118.2381103,34.03607663
3562,-118.2367065,34.03833493
3563,-118.235791,34.03833493
3564,-118.2384155,34.03833493
3565,-118.2384155,34.03772458
3566,-118.2379883,34.03912839
3567,-118.2370117,34.04010495
3568,-118.2382934,34.03967771
3569,-118.2382934,34.04028806
357,-118.24104,34.05652341
3570,-118.2368896,34.04169187
3571,-118.2375,34.04150876
3572,-118.2381103,34.04150876
3573,-118.2367065,34.04352292
3574,-118.2371338,34.04352292
3575,-118.237622,34.04327878
3576,-118.2381103,34.04309568
3577,-118.2381103,34.04248533
3578,-118.2354248,34.04370603
3579,-118.2345093,34.04327878
3580,-118.2353027,34.04291257
3581,-118.2352417,34.04248532
3582,-118.2351196,34.04211911
3583,-118.2329223,34.0405322
3584,-118.2329223,34.04089841
3585,-118.2331054,34.04150876
3586,-118.2329223,34.04028806
3587,-118.2332886,34.04028806
3588,-118.2328003,34.03992185
3589,-118.2328003,34.03967771
359,-118.2407959,34.05688962
3590,-118.2328003,34.0394946
3591,-118.2327392,34.0393115
3592,-118.2327392,34.03912839
3593,-118.2335937,34.03833493
3594,-118.2331054,34.03833493
3595,-118.2326172,34.03833493
3596,-118.2337158,34.03668698
3597,-118.2335327,34.03668698
3598,-118.2332886,34.03668698
3599,-118.2329223,34.03668698
36,-118.2439087,34.06091794
360,-118.2404907,34.05713376
3600,-118.2324951,34.03711423
3601,-118.2326172,34.03772458
3602,-118.2324341,34.03571042
3603,-118.232312,34.03528318
3604,-118.232312,34.03473386
3605,-118.232312,34.03412351
3606,-118.2321899,34.03369626
3607,-118.2321899,34.03210935
3608,-118.2321899,34.03192624
3609,-118.2328003,34.031499
361,-118.2403076,34.05731687
3610,-118.2312134,34.031499
3611,-118.2310913,34.03052243
3612,-118.2316406,34.03070554
3613,-118.2320068,34.03052243
3614,-118.2326172,34.03052243
3615,-118.2331054,34.03052243
3616,-118.2346313,34.02948483
3617,-118.2342041,34.02930173
3618,-118.2338379,34.02893552
3619,-118.2335937,34.02869138
362,-118.2387207,34.05749997
3620,-118.2327392,34.02869138
3621,-118.2321899,34.02869138
363,-118.2390259,34.05713376
364,-118.239331,34.05688962
365,-118.2393921,34.05670652
366,-118.2395141,34.05652341
367,-118.2398193,34.05627927
368,-118.2400024,34.05609617
369,-118.2401245,34.05609617
37,-118.2436035,34.06073484
370,-118.2401245,34.05591306
371,-118.2404907,34.05548581
372,-118.2406128,34.05548581
373,-118.2409179,34.05530271
374,-118.2411011,34.05487546
375,-118.2414062,34.05469236
376,-118.2415893,34.05432615
377,-118.2417114,34.05408201
378,-118.2418335,34.054082
379,-118.2434204,34.054082
381,-118.2415893,34.0538989
382,-118.2415283,34.05408201
384,-118.2412231,34.05450925
385,-118.2411011,34.05469236
386,-118.2407959,34.05487546
387,-118.2406128,34.0551196
388,-118.2404297,34.05548581
389,-118.2403076,34.05548581
39,-118.2439087,34.0604907
390,-118.2400024,34.05572995
391,-118.2398193,34.05591306
392,-118.2399414,34.05591306
393,-118.239331,34.05652341
394,-118.2378052,34.05811033
395,-118.2373169,34.05768308
396,-118.2373169,34.05731687
397,-118.2375,34.05688962
398,-118.2375,34.05652341
399,-118.237622,34.05652341
4,-118.2541015,34.05908689
400,-118.2387207,34.05627927
401,-118.239331,34.05548581
402,-118.239209,34.05548581
403,-118.239331,34.05530271
404,-118.2395141,34.0551196
405,-118.2396972,34.05487546
406,-118.2398193,34.05487546
407,-118.2371948,34.05469236
408,-118.2401245,34.05432615
409,-118.2404297,34.054082
41,-118.2440918,34.06073484
410,-118.2407959,34.0538989
411,-118.2409179,34.05371579
412,-118.2411011,34.05353269
413,-118.24104,34.05353269
414,-118.2412231,34.05328855
415,-118.2415893,34.0526782
416,-118.2418945,34.05212888
417,-118.2421997,34.05188474
418,-118.2421997,34.05188474
419,-118.2425049,34.05188474
42,-118.244519,34.05652341
420,-118.2425049,34.05170163
421,-118.2425049,34.05151853
423,-118.2423218,34.05151853
424,-118.2421997,34.05151853
425,-118.2421997,34.05170163
426,-118.2420166,34.05188474
428,-118.2415893,34.05231199
429,-118.2414062,34.05249509
430,-118.2412231,34.0526782
431,-118.2412231,34.05310544
432,-118.24104,34.05328855
433,-118.2409179,34.05328855
434,-118.2406128,34.05328855
435,-118.2406128,34.05353269
436,-118.2404907,34.05371579
437,-118.2403076,34.0538989
438,-118.2400024,34.054082
439,-118.2409179,34.05432615
44,-118.244397,34.05988035
440,-118.2395141,34.05469236
442,-118.2393921,34.05487546
443,-118.239209,34.0551196
444,-118.2389038,34.05530271
445,-118.2382934,34.05627927
447,-118.237622,34.05627927
449,-118.2374389,34.05652341
45,-118.244519,34.05988035
450,-118.2375,34.05670652
451,-118.2370117,34.05688962
452,-118.2378052,34.05487546
453,-118.2381103,34.05469236
454,-118.2379883,34.05450925
455,-118.2379883,34.05432615
456,-118.2381103,34.054082
457,-118.2381103,34.054082
459,-118.2381103,34.05371579
46,-118.2448242,34.05988035
461,-118.2382934,34.05353269
462,-118.2385986,34.05310544
463,-118.2387207,34.05292234
464,-118.2389038,34.05249509
465,-118.239209,34.05231199
466,-118.239209,34.05188474
467,-118.239331,34.05170163
468,-118.2395141,34.05151853
469,-118.2396362,34.05151853
47,-118.2451904,34.05951413
470,-118.2398193,34.05109128
471,-118.2401245,34.05072507
472,-118.2401245,34.05029783
473,-118.2375,34.04932126
474,-118.237622,34.04889402
475,-118.2378052,34.04889402
476,-118.2379883,34.04889402
477,-118.2379272,34.04889402
478,-118.2378052,34.04907712
479,-118.237622,34.04932126
48,-118.2459228,34.05847654
480,-118.2374389,34.04932126
481,-118.2400024,34.05090818
482,-118.2398193,34.05090818
483,-118.2396362,34.05109128
484,-118.2393921,34.05133542
485,-118.2390869,34.05151853
486,-118.2385986,34.05188474
487,-118.2385986,34.05212888
488,-118.2382934,34.05231199
489,-118.2381103,34.0526782
49,-118.246289,34.05688962
490,-118.2381103,34.05292234
491,-118.2379272,34.05328855
492,-118.237622,34.05371579
493,-118.237622,34.0538989
494,-118.2375,34.0538989
495,-118.2373169,34.0538989
496,-118.2370117,34.054082
497,-118.2368896,34.05450925
498,-118.2368286,34.05450925
499,-118.2365234,34.05469236
5,-118.2539184,34.05933103
50,-118.246228,34.05670652
500,-118.237622,34.05487546
501,-118.2375,34.05572996
502,-118.2374389,34.05591306
503,-118.2374389,34.05627927
504,-118.2373169,34.05670652
505,-118.2371948,34.05688962
506,-118.2371948,34.05731687
507,-118.2371338,34.05749997
51,-118.2465942,34.05829343
510,-118.2368896,34.05811033
513,-118.2385376,34.04932126
514,-118.2387207,34.04932126
515,-118.2390869,34.04932126
516,-118.2390869,34.04950437
517,-118.2398193,34.04950437
518,-118.2401245,34.04968747
519,-118.2404297,34.04993161
52,-118.2467163,34.05811033
520,-118.2404907,34.03351316
521,-118.2407959,34.05029783
522,-118.2407959,34.05048093
523,-118.2404907,34.05090818
524,-118.2401245,34.05109128
525,-118.2401245,34.05133542
526,-118.2399414,34.05151853
527,-118.2398193,34.05188474
528,-118.2396972,34.05212888
529,-118.2396972,34.05231199
53,-118.2464111,34.05811033
530,-118.2396362,34.0526782
531,-118.2398193,34.05249509
532,-118.2398193,34.05231199
533,-118.2396972,34.05212888
534,-118.2400024,34.05188474
535,-118.2401245,34.05151853
536,-118.2404297,34.05109128
537,-118.2406128,34.05090818
538,-118.2409179,34.05072507
54,-118.2476929,34.05688962
540,-118.246289,34.05310544
541,-118.2465942,34.0526782
542,-118.2467163,34.05249509
543,-118.2468384,34.05249509
544,-118.2468994,34.05249509
545,-118.2468994,34.05231199
546,-118.2472046,34.05188474
547,-118.2476318,34.05188474
548,-118.2476318,34.05151853
549,-118.2478149,34.05133542
55,-118.2478149,34.05731687
550,-118.2481201,34.05109128
551,-118.247998,34.05090818
552,-118.2483032,34.05048093
553,-118.2486084,34.05048093
554,-118.2487915,34.05011472
555,-118.2489136,34.04993161
556,-118.2492187,34.04968747
557,-118.2494018,34.04968747
558,-118.2495239,34.04950437
559,-118.2492187,34.04950437
56,-118.2482422,34.05652341
562,-118.2487304,34.05011472
563,-118.2486084,34.05048093
564,-118.2483032,34.05072507
565,-118.247998,34.05109128
566,-118.2478149,34.05109128
569,-118.2475097,34.05170163
57,-118.2484253,34.05609617
571,-118.2465942,34.05231199
573,-118.2457397,34.05188474
574,-118.2458008,34.05170163
575,-118.2461059,34.05109128
576,-118.2465942,34.05072507
577,-118.2468994,34.05048093
578,-118.2468384,34.05029782
579,-118.2470215,34.04932126
58,-118.2486084,34.05591306
580,-118.247998,34.04907712
581,-118.2484253,34.04889402
582,-118.2486084,34.04871091
583,-118.2461059,34.04968747
584,-118.2473266,34.04828366
585,-118.2458008,34.04810056
586,-118.2459228,34.04950437
587,-118.2458008,34.04932126
588,-118.2459228,34.04968747
589,-118.244397,34.05109128
59,-118.2486084,34.05572996
590,-118.2443359,34.05109128
591,-118.2432373,34.05188474
592,-118.2431152,34.05188474
593,-118.242688,34.05188474
596,-118.2434204,34.05048093
597,-118.2434204,34.05029783
598,-118.2440918,34.04932126
599,-118.2448242,34.04871091
6,-118.2539184,34.05933103
60,-118.2487915,34.05548581
600,-118.2447021,34.0485278
601,-118.2453125,34.04810056
602,-118.2458008,34.04773435
603,-118.2459228,34.0473071
604,-118.246289,34.04749021
605,-118.2482422,34.04889402
607,-118.2476929,34.04932126
608,-118.2473266,34.05029783
609,-118.2468384,34.05011472
61,-118.2489136,34.05572995
611,-118.2464111,34.05090818
612,-118.2459228,34.05151853
613,-118.2456177,34.05188474
614,-118.2454956,34.05188474
615,-118.2453125,34.05212888
616,-118.2450073,34.05249509
617,-118.2442138,34.0526782
618,-118.2439087,34.05249509
619,-118.2436035,34.05231199
62,-118.2487915,34.05591306
620,-118.2434204,34.05170163
621,-118.2434204,34.05109128
622,-118.2436035,34.05109128
623,-118.2442138,34.05109128
624,-118.244519,34.05109128
626,-118.2457397,34.04950437
627,-118.2459228,34.04968747
628,-118.2464111,34.0473071
629,-118.2461059,34.0473071
63,-118.2476929,34.0551196
630,-118.2461059,34.04749021
631,-118.2454956,34.04773435
632,-118.2451904,34.04791745
633,-118.2450073,34.04828367
634,-118.2446411,34.0485278
635,-118.2443359,34.04889402
636,-118.2440918,34.04932126
637,-118.2439087,34.04950437
638,-118.2439087,34.04968747
639,-118.2437256,34.04993161
64,-118.2473877,34.0551196
640,-118.2434204,34.05011472
641,-118.2432983,34.05011472
642,-118.2432983,34.05048093
643,-118.2432373,34.05072507
644,-118.2431152,34.05109128
645,-118.2426269,34.05133542
646,-118.2423218,34.05133542
647,-118.2421387,34.05133542
648,-118.2420166,34.05109128
649,-118.2418335,34.05109128
65,-118.2467163,34.05450925
650,-118.2415893,34.05090818
651,-118.2412231,34.05048093
652,-118.2411011,34.05048093
653,-118.24104,34.05048093
654,-118.2411011,34.04993161
655,-118.2412231,34.04950437
656,-118.2415893,34.04950437
657,-118.2418945,34.04950437
658,-118.2418945,34.04932126
66,-118.2465942,34.05450925
660,-118.2418945,34.04871091
661,-118.2421387,34.04889402
662,-118.2420166,34.04828366
663,-118.2421387,34.04810056
664,-118.2421387,34.04749021
665,-118.2423218,34.04749021
666,-118.2425049,34.04749021
667,-118.2426269,34.04749021
668,-118.2426269,34.04749021
669,-118.242688,34.04687986
67,-118.2464111,34.05432615
670,-118.242688,34.04669675
671,-118.2429931,34.0460864
672,-118.2429931,34.04590329
673,-118.2431152,34.04590329
674,-118.24281,34.04590329
675,-118.2429321,34.04590329
676,-118.242688,34.04651365
677,-118.2425049,34.047124
678,-118.2423218,34.0473071
68,-118.2465942,34.05432615
680,-118.2421997,34.04773435
682,-118.2420166,34.04852781
683,-118.2418945,34.04852781
684,-118.2420166,34.04889402
685,-118.2417114,34.04907712
686,-118.2417114,34.04932126
687,-118.2415893,34.04932126
689,-118.2412231,34.04993161
69,-118.2517212,34.05792722
690,-118.2396972,34.05048093
692,-118.2487915,34.05151853
693,-118.2486084,34.05133542
694,-118.2484253,34.05109128
695,-118.2476929,34.05072507
696,-118.2476318,34.05072507
697,-118.2475097,34.05072507
698,-118.2473877,34.05048093
699,-118.2465942,34.05011472
7,-118.2540405,34.05933103
70,-118.2515381,34.05749997
700,-118.246289,34.04968747
701,-118.2457397,34.04932126
702,-118.2454956,34.04889402
703,-118.2454956,34.04889402
704,-118.2451904,34.04871091
705,-118.2439087,34.04791745
706,-118.2429931,34.04749021
707,-118.242688,34.04749021
708,-118.2429931,34.04773435
709,-118.2432983,34.04791745
71,-118.2512939,34.05731687
710,-118.2436035,34.04791745
711,-118.2439087,34.04828367
712,-118.246289,34.04993161
714,-118.2467163,34.05029782
715,-118.2472046,34.05048093
717,-118.2476929,34.05090818
718,-118.2483032,34.05133542
719,-118.2486084,34.05151853
72,-118.2503174,34.05688962
720,-118.2489136,34.05170163
721,-118.2476318,34.05310544
722,-118.2473877,34.05292234
723,-118.2470215,34.0526782
724,-118.2464111,34.05231198
725,-118.2459228,34.05188474
726,-118.2451294,34.05133542
727,-118.2450073,34.05133542
728,-118.2437256,34.05048093
729,-118.2421997,34.04968747
73,-118.2498291,34.05670652
730,-118.2425049,34.04993161
731,-118.242688,34.04993161
732,-118.24281,34.05029783
733,-118.2436035,34.05048093
734,-118.2439087,34.05072507
735,-118.2443359,34.05090818
737,-118.2459228,34.05212888
738,-118.246289,34.05231199
74,-118.2500122,34.05652341
740,-118.2473877,34.05310544
741,-118.2412231,34.05011472
742,-118.2434204,34.04529294
743,-118.2436035,34.04492673
744,-118.2439087,34.04449948
745,-118.2439087,34.04431638
746,-118.2440918,34.04431638
748,-118.2442138,34.04388913
749,-118.244397,34.04370603
75,-118.2500122,34.05627927
750,-118.244519,34.04327878
751,-118.2448242,34.04309568
752,-118.2451294,34.04272946
753,-118.2453125,34.04248532
754,-118.2454345,34.04230222
756,-118.2451904,34.04230222
757,-118.2451904,34.04211911
758,-118.2450073,34.04230222
759,-118.2451294,34.04230222
76,-118.2498291,34.05627927
760,-118.2450073,34.04248532
761,-118.2448242,34.04272946
762,-118.2447021,34.04309568
763,-118.244519,34.04309568
764,-118.244397,34.04327878
765,-118.2443359,34.04352292
766,-118.2442138,34.04352292
767,-118.2440307,34.04388913
768,-118.2440307,34.04388913
769,-118.2437256,34.04431638
77,-118.249707,34.05627927
771,-118.2434204,34.04468259
772,-118.2432983,34.04510984
773,-118.2431152,34.04547605
774,-118.239209,34.04932126
775,-118.239209,34.04907712
776,-118.239331,34.04871091
777,-118.2393921,34.04810056
778,-118.2393921,34.04791745
780,-118.2393921,34.04773435
781,-118.2393921,34.04749021
782,-118.2395141,34.047124
783,-118.2395141,34.04669675
784,-118.2395141,34.04633054
785,-118.2396362,34.04633054
786,-118.2396972,34.0460864
787,-118.2396972,34.04590329
788,-118.2396972,34.04510984
789,-118.2398193,34.04449948
79,-118.249707,34.05652341
790,-118.2412231,34.04413327
791,-118.2398193,34.04388913
792,-118.2396972,34.04388913
793,-118.2398193,34.04370603
794,-118.2398193,34.04327878
795,-118.2398193,34.04327878
796,-118.2398193,34.04291257
797,-118.2398193,34.04272946
798,-118.2400024,34.04211911
799,-118.2400024,34.04211911
8,-118.2542236,34.05951413
80,-118.2495239,34.05627927
800,-118.2399414,34.04169187
801,-118.2400024,34.04169187
803,-118.2399414,34.04150876
804,-118.2400024,34.04108152
805,-118.2400024,34.04108152
806,-118.2400024,34.0405322
807,-118.2400024,34.04028806
808,-118.2401245,34.04010495
809,-118.2401245,34.03992185
81,-118.2494018,34.05609617
810,-118.2401245,34.0394946
811,-118.2401245,34.0393115
812,-118.2401245,34.0393115
813,-118.2401245,34.03912839
815,-118.2401245,34.03912839
816,-118.2396972,34.03888425
817,-118.2396972,34.03888425
818,-118.2399414,34.03912839
819,-118.2398193,34.03967771
82,-118.2458008,34.05749997
820,-118.2398193,34.04028806
821,-118.2398193,34.04089841
822,-118.2398193,34.04132566
823,-118.2396972,34.04187497
824,-118.2396972,34.04248532
825,-118.2396972,34.04309568
826,-118.2396362,34.04352292
827,-118.2395141,34.04370603
828,-118.2395141,34.04388913
829,-118.2396362,34.04388913
83,-118.2451294,34.05688962
830,-118.2396362,34.04413327
831,-118.2395141,34.04449948
832,-118.2395141,34.04492673
833,-118.2395141,34.04529294
834,-118.2395141,34.04547605
835,-118.2395141,34.04590329
836,-118.2393921,34.0460864
838,-118.2395141,34.04633054
839,-118.2393921,34.04651365
84,-118.2447021,34.05652341
840,-118.239331,34.047124
841,-118.239209,34.04749021
842,-118.2390869,34.04749021
843,-118.239209,34.04791745
844,-118.239209,34.04810056
845,-118.239209,34.04871091
846,-118.2390869,34.04907712
847,-118.2396972,34.04810056
848,-118.2400024,34.04828367
849,-118.2403076,34.0485278
85,-118.244519,34.05652341
850,-118.2406128,34.04871091
852,-118.2404297,34.0485278
853,-118.2401245,34.04828367
854,-118.2398193,34.04810056
855,-118.2401245,34.04651365
856,-118.2404907,34.04669675
857,-118.2409179,34.04687986
858,-118.2411011,34.04669675
859,-118.24104,34.04669675
86,-118.2476929,34.05487546
860,-118.2403076,34.04633054
861,-118.2403076,34.04431638
862,-118.2407348,34.04468259
863,-118.2407959,34.04468259
864,-118.2414062,34.04492673
865,-118.2417114,34.04529294
866,-118.2421387,34.04547605
867,-118.2423218,34.04547605
868,-118.242688,34.04572019
869,-118.2421387,34.04529294
87,-118.2478149,34.05487546
870,-118.2417114,34.04492673
871,-118.2415893,34.04492673
873,-118.2415283,34.04492673
874,-118.2414062,34.04492673
875,-118.2411011,34.04468259
876,-118.24104,34.04468259
877,-118.2407959,34.04431638
878,-118.2407348,34.04431638
879,-118.2406128,34.04431638
88,-118.247998,34.05530271
880,-118.2401245,34.04388913
881,-118.2399414,34.04388913
882,-118.2399414,34.04388913
883,-118.2403076,34.04211911
884,-118.2404907,34.04230222
885,-118.2407959,34.04248532
886,-118.2411011,34.04248532
887,-118.2412231,34.04272946
888,-118.2415893,34.04291257
889,-118.2418945,34.04309568
89,-118.2503174,34.05670652
890,-118.2418335,34.04309568
891,-118.2420166,34.04327878
893,-118.2423218,34.04327878
894,-118.242688,34.04352292
895,-118.242688,34.04352292
896,-118.242688,34.04370603
897,-118.24281,34.04370603
898,-118.2431152,34.04388913
899,-118.2434204,34.04413327
9,-118.2537964,34.05908689
90,-118.2506225,34.05688962
900,-118.2434204,34.04388913
901,-118.2432373,34.04370603
902,-118.2429321,34.04352292
903,-118.24281,34.04352292
906,-118.2421387,34.04309568
908,-118.2418945,34.04291257
909,-118.2417114,34.04272946
91,-118.2508056,34.05688962
910,-118.2414062,34.04248532
911,-118.2412231,34.04248532
913,-118.2407959,34.04230222
914,-118.2406128,34.04211911
915,-118.2406128,34.04211911
916,-118.2404297,34.04187497
918,-118.2404907,34.0394946
919,-118.2404907,34.0394946
92,-118.2511108,34.05713376
920,-118.2407959,34.03967771
921,-118.2412231,34.03992185
923,-118.2414062,34.04010495
924,-118.2417114,34.04028806
925,-118.2418945,34.04028806
926,-118.2420166,34.0405322
927,-118.2420166,34.0405322
928,-118.2421387,34.0405322
929,-118.2423218,34.0407153
93,-118.251416,34.05731687
930,-118.242688,34.04089841
931,-118.242688,34.04089841
932,-118.24281,34.04089841
934,-118.2431152,34.04108152
935,-118.2434204,34.04150876
936,-118.2436035,34.04150876
937,-118.2437256,34.04132566
938,-118.2437256,34.04150876
939,-118.2439087,34.04169187
940,-118.2442138,34.04169187
942,-118.244397,34.04187497
943,-118.2447021,34.04211911
944,-118.2448242,34.04187497
945,-118.244519,34.04169187
947,-118.2443359,34.04169187
948,-118.2440307,34.04169187
949,-118.2437256,34.04132566
95,-118.2544067,34.05890378
950,-118.2437256,34.04132566
951,-118.2436035,34.04108152
952,-118.2434204,34.04108152
953,-118.2432373,34.04108152
954,-118.2429931,34.04089841
955,-118.2429931,34.0407153
956,-118.24281,34.0407153
958,-118.2425049,34.0405322
959,-118.2421997,34.04028806
96,-118.2547119,34.05847654
960,-118.2421387,34.04028806
961,-118.2420166,34.04028806
962,-118.2417114,34.04010495
963,-118.2415283,34.03992185
965,-118.2412231,34.03967771
966,-118.24104,34.03967771
967,-118.2406128,34.0394946
968,-118.2404907,34.0393115
97,-118.2547119,34.05847654
970,-118.2409179,34.04028806
971,-118.2406128,34.0405322
972,-118.2406128,34.0407153
973,-118.2404907,34.0407153
974,-118.2401245,34.04108152
975,-118.2404297,34.04089841
976,-118.2404907,34.04089841
977,-118.2406128,34.0407153
978,-118.24104,34.04028806
979,-118.2411011,34.04028806
98,-118.2551391,34.05811033
980,-118.2418945,34.0405322
981,-118.2417114,34.0407153
982,-118.2417114,34.0407153
983,-118.2412231,34.04132566
984,-118.2407348,34.04169187
985,-118.2403076,34.04230222
986,-118.2401245,34.04248532
987,-118.2400024,34.04272946
988,-118.2403076,34.04248532
989,-118.2407959,34.04187497
99,-118.2550171,34.05829343
990,-118.2411011,34.04150876
991,-118.2411011,34.04150876
992,-118.2412231,34.04132566
993,-118.2415893,34.04108152
994,-118.2415893,34.04089841
995,-118.2418945,34.0407153
997,-118.2426269,34.04089841
998,-118.2425049,34.04108152
999,-118.2423218,34.04132566